id;zref_yaml_id;target_table;target_yaml_id
1;0;UNDEFINED;QM-30
2;100;UNDEFINED;MA-08
3;100;UNDEFINED;QM-08
4;100;UNDEFINED;QM-53
5;100;UNDEFINED;QM-53-1
6;100;UNDEFINED;QM-53-2
7;100;UNDEFINED;QM-53-3
8;100;UNDEFINED;MA-27
9;100;UNDEFINED;QM-01
10;100;UNDEFINED;MA-29
11;101;UNDEFINED;MA-06
12;101;UNDEFINED;QB-14
13;102;UNDEFINED;QM-25
14;102;UNDEFINED;QM-27
15;103;UNDEFINED;QM-25
16;104;UNDEFINED;QM-18
17;104;UNDEFINED;MA-10
18;107;UNDEFINED;QM-51-11
19;108;UNDEFINED;QM-29
20;10;UNDEFINED;QB-13
21;10;UNDEFINED;QB-01
22;10;UNDEFINED;QB-02
23;10;UNDEFINED;QB-10
24;10;UNDEFINED;QB-12
25;10;UNDEFINED;QB-07
26;110;UNDEFINED;QM-16-2
27;111;UNDEFINED;QM-16-2
28;111;UNDEFINED;QM-16-3
29;111;UNDEFINED;QM-16-4
30;111;UNDEFINED;QM-16
31;113;UNDEFINED;QM-11-4
32;115;UNDEFINED;QM-10
33;115;UNDEFINED;QM-19
34;115;UNDEFINED;QM-21
35;115;UNDEFINED;QM-22
36;116;UNDEFINED;QM-11-5
37;117;UNDEFINED;QM-58
38;118;UNDEFINED;QM-13
39;119;UNDEFINED;QM-16-4
40;11;UNDEFINED;QB-01
41;11;UNDEFINED;QB-02
42;11;UNDEFINED;QB-10
43;11;UNDEFINED;QB-12
44;120;UNDEFINED;QM-51
45;121;UNDEFINED;QM-06
46;122;UNDEFINED;QM-07
47;123;UNDEFINED;QM-16-1
48;125;UNDEFINED;QM-55
49;126;UNDEFINED;QM-07
50;126;UNDEFINED;QM-02
51;126;UNDEFINED;QM-03
52;126;UNDEFINED;QM-04
53;126;UNDEFINED;QM-05
54;126;UNDEFINED;QM-01
55;127;UNDEFINED;QKB-10
56;128;UNDEFINED;QKB-10
57;128;UNDEFINED;QM-62
58;129;UNDEFINED;QM-300
59;12;UNDEFINED;QKB-9
60;12;UNDEFINED;QB-09
61;131;UNDEFINED;QB-15
62;132;UNDEFINED;QM-61-3
63;135;UNDEFINED;QM-58
64;135;UNDEFINED;QM-25
65;139;UNDEFINED;MA-06
66;140;UNDEFINED;MA-18
67;143;UNDEFINED;QB-11
68;143;UNDEFINED;QB-13
69;143;UNDEFINED;QB-12
70;143;UNDEFINED;MA-19
71;143;UNDEFINED;MA-21
72;143;UNDEFINED;QM-62
73;148;UNDEFINED;MA-06
74;148;UNDEFINED;QKB-02
75;148;UNDEFINED;QKB-2
76;14;UNDEFINED;QB-11
77;14;UNDEFINED;MA-22
78;14;UNDEFINED;MA-19
79;151;UNDEFINED;QB-11
80;151;UNDEFINED;MA-22
81;151;UNDEFINED;MA-19
82;151;UNDEFINED;QB-09
83;153;UNDEFINED;QB-11
84;153;UNDEFINED;MA-20
85;155;UNDEFINED;QB-02
86;156;UNDEFINED;QM-44-7
87;156;UNDEFINED;MA-16
88;156;UNDEFINED;QM-44-6
89;156;UNDEFINED;QM-44
90;156;UNDEFINED;QM-44-1
91;156;UNDEFINED;QM-44-2
92;156;UNDEFINED;QM-44-5
93;156;UNDEFINED;QM-44-8
94;157;UNDEFINED;MA-12
95;157;UNDEFINED;MA-23
96;157;UNDEFINED;MA-24
97;159;UNDEFINED;MA-14
98;15;UNDEFINED;MA-19
99;15;UNDEFINED;MA-17
100;15;UNDEFINED;QB-08
101;160;UNDEFINED;QB-06
102;161;UNDEFINED;MA-03
103;162;UNDEFINED;QM-25
104;163;UNDEFINED;QB-05
105;164;UNDEFINED;QKB-09
106;165;UNDEFINED;MA-26
107;165;UNDEFINED;QM-63
108;165;UNDEFINED;QM-63-1
109;165;UNDEFINED;QM-63-2
110;165;UNDEFINED;QM-63-3
111;167;UNDEFINED;QB-07
112;167;UNDEFINED;QB-09
113;168;UNDEFINED;QM-08
114;169;UNDEFINED;MA-18
115;169;UNDEFINED;QB-09
116;16;UNDEFINED;QB-01
117;16;UNDEFINED;QB-02
118;16;UNDEFINED;QKB-2
119;16;UNDEFINED;QKB-3
120;16;UNDEFINED;QKB-4
121;170;UNDEFINED;QB-06
122;171;UNDEFINED;QM-44
123;172;UNDEFINED;QM-58
124;172;UNDEFINED;MA-25
125;173;UNDEFINED;MA-18
126;173;UNDEFINED;MA-19
127;173;UNDEFINED;MA-02
128;173;UNDEFINED;MA-01
129;173;UNDEFINED;MA-03
130;173;UNDEFINED;MA-05
131;174;UNDEFINED;MA-17
132;174;UNDEFINED;QM-45
133;175;UNDEFINED;QB-06
134;175;UNDEFINED;QB-08
135;175;UNDEFINED;QM-59
136;176;UNDEFINED;QM-55
137;176;UNDEFINED;QM-10
138;176;UNDEFINED;QM-19
139;176;UNDEFINED;MA-10
140;177;UNDEFINED;MA-27
141;178;UNDEFINED;MA-11
142;178;UNDEFINED;QB-05
143;179;UNDEFINED;QB-11
144;179;UNDEFINED;MA-19
145;17;UNDEFINED;QB-11
146;17;UNDEFINED;QKB-5
147;17;UNDEFINED;MA-17
148;17;UNDEFINED;QB-06
149;17;UNDEFINED;QB-09
150;17;UNDEFINED;QB-04
151;180;UNDEFINED;QB-13
152;180;UNDEFINED;MA-27
153;180;UNDEFINED;QM-56-3
154;180;UNDEFINED;QM-56-1
155;180;UNDEFINED;QM-56-2
156;180;UNDEFINED;QM-56-4
157;180;UNDEFINED;QM-56-5
158;180;UNDEFINED;QM-26
159;180;UNDEFINED;QM-71
160;181;UNDEFINED;MA-06
161;181;UNDEFINED;MA-19
162;181;UNDEFINED;MA-05
163;182;UNDEFINED;MA-05
164;183;UNDEFINED;QB-13
165;183;UNDEFINED;MA-27
166;184;UNDEFINED;MA-07
167;185;UNDEFINED;MA-06
168;185;UNDEFINED;MA-17
169;186;UNDEFINED;QM-57
170;186;UNDEFINED;QM-57-1
171;187;UNDEFINED;QB-13
172;187;UNDEFINED;QKB-10
173;188;UNDEFINED;MA-16
174;189;UNDEFINED;QB-01
175;189;UNDEFINED;QB-02
176;189;UNDEFINED;QKB-2
177;189;UNDEFINED;QKB-5
178;189;UNDEFINED;QKB-9
179;189;UNDEFINED;QB-05
180;189;UNDEFINED;QB-08
181;189;UNDEFINED;QB-09
182;189;UNDEFINED;QM-62
183;18;UNDEFINED;QKB-2
184;18;UNDEFINED;QKB-3
185;18;UNDEFINED;QKB-4
186;18;UNDEFINED;QB-06
187;18;UNDEFINED;QB-05
188;190;UNDEFINED;QB-01
189;190;UNDEFINED;QB-02
190;190;UNDEFINED;QKB-2
191;190;UNDEFINED;QB-05
192;190;UNDEFINED;QB-08
193;190;UNDEFINED;QB-09
194;191;UNDEFINED;MA-12
195;191;UNDEFINED;MA-13
196;191;UNDEFINED;QB-07
197;191;UNDEFINED;QM-59-3
198;192;UNDEFINED;QB-01
199;192;UNDEFINED;QB-02
200;192;UNDEFINED;QB-08
201;192;UNDEFINED;QB-09
202;192;UNDEFINED;QBK-9
203;193;UNDEFINED;QM-64
204;194;UNDEFINED;MA-27
205;194;UNDEFINED;QM-40
206;195;UNDEFINED;MA-16
207;196;UNDEFINED;MA-27
208;196;UNDEFINED;QM-61-4
209;196;UNDEFINED;QM-38
210;197;UNDEFINED;MA-09
211;197;UNDEFINED;QM-51-9
212;197;UNDEFINED;QM-51-10
213;198;UNDEFINED;QM-58
214;198;UNDEFINED;MA-25
215;198;UNDEFINED;MA-07
216;199;UNDEFINED;QB-11
217;199;UNDEFINED;MA-20
218;199;UNDEFINED;QB-14
219;19;UNDEFINED;QB-11
220;19;UNDEFINED;QB-13
221;19;UNDEFINED;QB-12
222;19;UNDEFINED;QB-06
223;19;UNDEFINED;QB-05
224;19;UNDEFINED;QB-09
225;19;UNDEFINED;QB-04
226;1;UNDEFINED;QB-09
227;200;UNDEFINED;QM-70
228;201;UNDEFINED;MA-27
229;201;UNDEFINED;QM-28
230;202;UNDEFINED;QB-06
231;202;UNDEFINED;MA-27
232;203;UNDEFINED;QM-16-3
233;203;UNDEFINED;QM-16
234;204;UNDEFINED;QM-44
235;206;UNDEFINED;QB-11
236;206;UNDEFINED;QB-13
237;206;UNDEFINED;QKB-04
238;206;UNDEFINED;QKB-2
239;206;UNDEFINED;QKB-5
240;206;UNDEFINED;MA-21
241;206;UNDEFINED;MA-17
242;206;UNDEFINED;QKB-10
243;206;UNDEFINED;QB-05
244;207;UNDEFINED;MA-18
245;208;UNDEFINED;QB-11
246;208;UNDEFINED;QB-14
247;209;UNDEFINED;MA-18
248;20;UNDEFINED;QB-04
249;210;UNDEFINED;MA-18
250;211;UNDEFINED;QB-11
251;211;UNDEFINED;QB-13
252;212;UNDEFINED;QM-44
253;213;UNDEFINED;QB-11
254;214;UNDEFINED;MA-17
255;215;UNDEFINED;MA-27
256;216;UNDEFINED;MA-21
257;217;UNDEFINED;QM-51-8
258;217;UNDEFINED;QM-52-03
259;217;UNDEFINED;QM-52-07
260;217;UNDEFINED;QM-52-06
261;217;UNDEFINED;QM-52-05
262;217;UNDEFINED;QM-52
263;217;UNDEFINED;QM-42
264;217;UNDEFINED;QM-24
265;217;UNDEFINED;QM-20
266;217;UNDEFINED;QM-51-7
267;217;UNDEFINED;QM-51-9
268;217;UNDEFINED;QM-51-5
269;217;UNDEFINED;QM-51-4
270;217;UNDEFINED;QM-51-3
271;217;UNDEFINED;QM-51-6
272;217;UNDEFINED;QM-51-2
273;217;UNDEFINED;QM-51-1
274;217;UNDEFINED;QM-52-04
275;217;UNDEFINED;QM-52-01
276;217;UNDEFINED;QM-52-02
277;217;UNDEFINED;QM-40
278;218;UNDEFINED;QM-33
279;219;UNDEFINED;MA-01
280;21;UNDEFINED;QB-11
281;21;UNDEFINED;MA-22
282;21;UNDEFINED;MA-19
283;21;UNDEFINED;MA-21
284;220;UNDEFINED;MA-21
285;221;UNDEFINED;QKB-9
286;221;UNDEFINED;MA-18
287;221;UNDEFINED;QB-09
288;222;UNDEFINED;MA-05
289;223;UNDEFINED;QKB-9
290;223;UNDEFINED;QKB-10
291;224;UNDEFINED;QM-10
292;224;UNDEFINED;QM-10-2
293;225;UNDEFINED;QB-11
294;225;UNDEFINED;MA-21
295;225;UNDEFINED;QB-09
296;226;UNDEFINED;QM-65
297;227;UNDEFINED;MA-18
298;227;UNDEFINED;MA-22
299;227;UNDEFINED;MA-21
300;227;UNDEFINED;MA-20
301;228;UNDEFINED;QM-29
302;228;UNDEFINED;MA-10
303;229;UNDEFINED;MA-02
304;22;UNDEFINED;QB-06
305;22;UNDEFINED;QB-09
306;230;UNDEFINED;QB-06
307;230;UNDEFINED;QB-08
308;230;UNDEFINED;QB-04
309;230;UNDEFINED;QB-15
310;231;UNDEFINED;QB-11
311;233;UNDEFINED;QM-30
312;234;UNDEFINED;QM-30
313;235;UNDEFINED;QB-11
314;235;UNDEFINED;MA-21
315;235;UNDEFINED;QB-06
316;235;UNDEFINED;QB-09
317;235;UNDEFINED;QM-62
318;236;UNDEFINED;QB-11
319;236;UNDEFINED;QB-09
320;237;UNDEFINED;MA-22
321;237;UNDEFINED;QB-12
322;237;UNDEFINED;MA-21
323;237;UNDEFINED;QB-06
324;237;UNDEFINED;QB-09
325;238;UNDEFINED;QM-49
326;239;UNDEFINED;QM-16-2
327;239;UNDEFINED;QM-16-3
328;239;UNDEFINED;QM-16-4
329;23;UNDEFINED;QB-14
330;240;UNDEFINED;QM-41
331;240;UNDEFINED;QM-09
332;241;UNDEFINED;QM-16-1
333;242;UNDEFINED;QM-48
334;243;UNDEFINED;QM-23
335;244;UNDEFINED;QM-11-1
336;245;UNDEFINED;QM-19
337;246;UNDEFINED;QM-08
338;247;UNDEFINED;MA-22
339;247;UNDEFINED;MA-19
340;247;UNDEFINED;MA-17
341;247;UNDEFINED;MA-20
342;247;UNDEFINED;QB-09
343;248;UNDEFINED;QM-50
344;248;UNDEFINED;QM-44-4
345;248;UNDEFINED;QM-44-6
346;249;UNDEFINED;QM-13
347;24;UNDEFINED;QB-13
348;24;UNDEFINED;QB-02
349;24;UNDEFINED;QKB-09
350;24;UNDEFINED;QKB-9
351;24;UNDEFINED;QB-10
352;24;UNDEFINED;QB-12
353;250;UNDEFINED;QM-35
354;252;UNDEFINED;MA-16
355;252;UNDEFINED;QM-44
356;253;UNDEFINED;QM-32
357;253;UNDEFINED;QM-15
358;254;UNDEFINED;MA-17
359;255;UNDEFINED;QM-47
360;256;UNDEFINED;MA-12
361;256;UNDEFINED;MA-14
362;257;UNDEFINED;QKB-09
363;257;UNDEFINED;MA-18
364;257;UNDEFINED;QB-09
365;258;UNDEFINED;QM-11-2
366;258;UNDEFINED;QM-16
367;258;UNDEFINED;QM-11-1
368;259;UNDEFINED;QM-51
369;25;UNDEFINED;QKB-2
370;25;UNDEFINED;QB-05
371;25;UNDEFINED;QB-09
372;25;UNDEFINED;QB-03
373;260;UNDEFINED;QKB-2
374;260;UNDEFINED;QKB-5
375;260;UNDEFINED;QKB-01
376;260;UNDEFINED;QM-62
377;261;UNDEFINED;MA-21
378;262;UNDEFINED;QM-25-1
379;263;UNDEFINED;QM-13
380;264;UNDEFINED;QM-10-3
381;265;UNDEFINED;MA-17
382;267;UNDEFINED;QM-46
383;268;UNDEFINED;QM-30
384;269;UNDEFINED;MA-20
385;270;UNDEFINED;QM-66
386;272;UNDEFINED;MA-18
387;272;UNDEFINED;MA-17
388;273;UNDEFINED;MA-18
389;273;UNDEFINED;MA-17
390;274;UNDEFINED;MA-18
391;274;UNDEFINED;MA-17
392;274;UNDEFINED;QB-09
393;275;UNDEFINED;QM-44-9
394;276;UNDEFINED;QM-07
395;276;UNDEFINED;QM-03
396;276;UNDEFINED;QM-04
397;276;UNDEFINED;QM-05
398;276;UNDEFINED;QM-06
399;276;UNDEFINED;MA-27
400;276;UNDEFINED;QM-12
401;276;UNDEFINED;QM-35
402;276;UNDEFINED;QM-37
403;277;UNDEFINED;QM-68-1
404;279;UNDEFINED;QM-68-3
405;27;UNDEFINED;QB-11
406;27;UNDEFINED;MA-17
407;27;UNDEFINED;MA-20
408;280;UNDEFINED;QM-68-4
409;280;UNDEFINED;MA-28
410;281;UNDEFINED;QM-68-5
411;283;UNDEFINED;QM-68-6
412;284;UNDEFINED;QB-11
413;284;UNDEFINED;QM-62
414;285;UNDEFINED;QM-36
415;286;UNDEFINED;QM-69-2
416;287;UNDEFINED;MA-18
417;287;UNDEFINED;QM-67
418;288;UNDEFINED;QM-59
419;288;UNDEFINED;QM-59-3
420;288;UNDEFINED;QM-59-1
421;289;UNDEFINED;QM-59
422;289;UNDEFINED;QM-59-3
423;289;UNDEFINED;QM-59-1
424;28;UNDEFINED;MA-22
425;28;UNDEFINED;QB-06
426;28;UNDEFINED;QB-05
427;28;UNDEFINED;QB-04
428;290;UNDEFINED;QM-56-3
429;290;UNDEFINED;QM-56-7
430;291;UNDEFINED;QM-61-1
431;291;UNDEFINED;QM-54-2
432;291;UNDEFINED;QM-54-3
433;291;UNDEFINED;QM-54-1
434;292;UNDEFINED;MA-25
435;292;UNDEFINED;QM-58-2
436;292;UNDEFINED;QM-58-1
437;293;UNDEFINED;QM-43
438;294;UNDEFINED;QM-39
439;295;UNDEFINED;QM-68-2
440;296;UNDEFINED;QKB-02
441;296;UNDEFINED;MA-18
442;296;UNDEFINED;QKB-10
443;296;UNDEFINED;MA-20
444;296;UNDEFINED;QB-06
445;296;UNDEFINED;QKB-01
446;296;UNDEFINED;QB-15
447;296;UNDEFINED;MA-30
448;297;UNDEFINED;MA-20
449;298;UNDEFINED;QM-51
450;299;UNDEFINED;QM-59-2
451;29;UNDEFINED;QB-12
452;2;UNDEFINED;QB-01
453;2;UNDEFINED;QB-02
454;2;UNDEFINED;QKB-02
455;2;UNDEFINED;QKB-03
456;2;UNDEFINED;QKB-04
457;2;UNDEFINED;QKB-05
458;2;UNDEFINED;QKB-09
459;2;UNDEFINED;QKB-2
460;2;UNDEFINED;QKB-3
461;2;UNDEFINED;QKB-4
462;2;UNDEFINED;QKB-5
463;2;UNDEFINED;QKB-9
464;2;UNDEFINED;QB-03
465;300;UNDEFINED;QM-59-2
466;301;UNDEFINED;QM-62
467;302;UNDEFINED;QM-57-2
468;303;UNDEFINED;QM-68-1
469;304;UNDEFINED;QM-69-2
470;304;UNDEFINED;QM-69-1
471;305;UNDEFINED;QM-45
472;306;UNDEFINED;MA-30
473;30;UNDEFINED;QB-11
474;31;UNDEFINED;QB-01
475;31;UNDEFINED;QB-02
476;31;UNDEFINED;MA-02
477;31;UNDEFINED;MA-01
478;31;UNDEFINED;MA-03
479;31;UNDEFINED;MA-05
480;33;UNDEFINED;MA-06
481;33;UNDEFINED;QB-01
482;33;UNDEFINED;QKB-04
483;33;UNDEFINED;QKB-2
484;33;UNDEFINED;QKB-3
485;33;UNDEFINED;QKB-4
486;33;UNDEFINED;QKB-5
487;33;UNDEFINED;QKB-9
488;33;UNDEFINED;QKB-6
489;33;UNDEFINED;QKB-7
490;33;UNDEFINED;QKB-8
491;33;UNDEFINED;QB-08
492;33;UNDEFINED;QKB-01
493;34;UNDEFINED;MA-20
494;34;UNDEFINED;QM-31
495;36;UNDEFINED;QKB-9
496;36;UNDEFINED;MA-22
497;36;UNDEFINED;MA-19
498;36;UNDEFINED;QKB-10
499;36;UNDEFINED;QM-17
500;36;UNDEFINED;QM-62
501;37;UNDEFINED;QB-03
502;38;UNDEFINED;QB-11
503;38;UNDEFINED;MA-20
504;39;UNDEFINED;QM-31
505;3;UNDEFINED;MA-18
506;3;UNDEFINED;QB-09
507;40;UNDEFINED;MA-22
508;40;UNDEFINED;QB-06
509;40;UNDEFINED;QB-05
510;40;UNDEFINED;QB-03
511;4;UNDEFINED;QB-13
512;4;UNDEFINED;MA-22
513;4;UNDEFINED;QB-10
514;4;UNDEFINED;QB-12
515;52;UNDEFINED;MA-18
516;52;UNDEFINED;QM-60
517;54;UNDEFINED;QB-11
518;55;UNDEFINED;MA-18
519;56;UNDEFINED;QB-11
520;56;UNDEFINED;QB-13
521;56;UNDEFINED;QB-06
522;57;UNDEFINED;QB-11
523;59;UNDEFINED;QM-11-2
524;59;UNDEFINED;QM-11-3
525;61;UNDEFINED;QM-10
526;61;UNDEFINED;QM-19
527;62;UNDEFINED;QM-25
528;6;UNDEFINED;QB-09
529;71;UNDEFINED;MA-11
530;72;UNDEFINED;MA-12
531;73;UNDEFINED;MA-09
532;74;UNDEFINED;MA-02
533;74;UNDEFINED;MA-04
534;76;UNDEFINED;QM-44-7
535;77;UNDEFINED;QM-58
536;77;UNDEFINED;MA-25
537;77;UNDEFINED;QM-58-3
538;79;UNDEFINED;QM-56-6
539;7;UNDEFINED;QB-11
540;7;UNDEFINED;MA-22
541;7;UNDEFINED;MA-19
542;7;UNDEFINED;MA-21
543;7;UNDEFINED;QB-09
544;81;UNDEFINED;QM-29
545;81;UNDEFINED;QM-54-2
546;81;UNDEFINED;MA-10
547;82;UNDEFINED;QM-55
548;82;UNDEFINED;QM-10
549;82;UNDEFINED;QM-19
550;83;UNDEFINED;QM-44-6
551;83;UNDEFINED;QM-44
552;84;UNDEFINED;QM-50
553;84;UNDEFINED;QM-44-4
554;84;UNDEFINED;QM-44-6
555;84;UNDEFINED;QM-44-1
556;84;UNDEFINED;QM-44-2
557;84;UNDEFINED;QM-44-3
558;86;UNDEFINED;MA-22
559;89;UNDEFINED;MA-23
560;89;UNDEFINED;MA-24
561;8;UNDEFINED;QB-11
562;8;UNDEFINED;QB-10
563;92;UNDEFINED;QM-15
564;96;UNDEFINED;MA-13
565;96;UNDEFINED;QM-50
566;96;UNDEFINED;QM-59-3
567;97;UNDEFINED;MA-14
568;97;UNDEFINED;MA-15
569;97;UNDEFINED;MA-16
570;98;UNDEFINED;MA-14
