id;name;title;titleGer;shortdesc;sciencetopic;tags;share;refs;yaml_id;fulltext
1;QKB-01_Representativity;QKB-01 Representativity;QKB-01 Repräsentativität;Repräsentativität bezieht sich darauf, wie gut der Datensatz die Gesamtpopulation widerspiegelt, aus der er stammt.;;Qualitätskriterien;1;;QKB-01;"<!DOCTYPE html>

<html lang="""" xml:lang="""" xmlns=""http://www.w3.org/1999/xhtml"">
<head>
<meta charset=""utf-8""/>
<meta content=""pandoc"" name=""generator""/>
<meta content=""width=device-width, initial-scale=1.0, user-scalable=yes"" name=""viewport""/>
<title>-</title>
<style>
    html {
      color: #1a1a1a;
      background-color: #fdfdfd;
    }
    body {
      margin: 0 auto;
      max-width: 36em;
      padding-left: 50px;
      padding-right: 50px;
      padding-top: 50px;
      padding-bottom: 50px;
      hyphens: auto;
      overflow-wrap: break-word;
      text-rendering: optimizeLegibility;
      font-kerning: normal;
    }
    @media (max-width: 600px) {
      body {
        font-size: 0.9em;
        padding: 12px;
      }
      h1 {
        font-size: 1.8em;
      }
    }
    @media print {
      html {
        background-color: white;
      }
      body {
        background-color: transparent;
        color: black;
        font-size: 12pt;
      }
      p, h2, h3 {
        orphans: 3;
        widows: 3;
      }
      h2, h3, h4 {
        page-break-after: avoid;
      }
    }
    p {
      margin: 1em 0;
    }
    a {
      color: #1a1a1a;
    }
    a:visited {
      color: #1a1a1a;
    }
    img {
      max-width: 100%;
    }
    svg {
      height: auto;
      max-width: 100%;
    }
    h1, h2, h3, h4, h5, h6 {
      margin-top: 1.4em;
    }
    h5, h6 {
      font-size: 1em;
      font-style: italic;
    }
    h6 {
      font-weight: normal;
    }
    ol, ul {
      padding-left: 1.7em;
      margin-top: 1em;
    }
    li > ol, li > ul {
      margin-top: 0;
    }
    blockquote {
      margin: 1em 0 1em 1.7em;
      padding-left: 1em;
      border-left: 2px solid #e6e6e6;
      color: #606060;
    }
    code {
      font-family: Menlo, Monaco, Consolas, 'Lucida Console', monospace;
      font-size: 85%;
      margin: 0;
      hyphens: manual;
    }
    pre {
      margin: 1em 0;
      overflow: auto;
    }
    pre code {
      padding: 0;
      overflow: visible;
      overflow-wrap: normal;
    }
    .sourceCode {
     background-color: transparent;
     overflow: visible;
    }
    hr {
      background-color: #1a1a1a;
      border: none;
      height: 1px;
      margin: 1em 0;
    }
    table {
      margin: 1em 0;
      border-collapse: collapse;
      width: 100%;
      overflow-x: auto;
      display: block;
      font-variant-numeric: lining-nums tabular-nums;
    }
    table caption {
      margin-bottom: 0.75em;
    }
    tbody {
      margin-top: 0.5em;
      border-top: 1px solid #1a1a1a;
      border-bottom: 1px solid #1a1a1a;
    }
    th {
      border-top: 1px solid #1a1a1a;
      padding: 0.25em 0.5em 0.25em 0.5em;
    }
    td {
      padding: 0.125em 0.5em 0.25em 0.5em;
    }
    header {
      margin-bottom: 4em;
      text-align: center;
    }
    #TOC li {
      list-style: none;
    }
    #TOC ul {
      padding-left: 1.3em;
    }
    #TOC > ul {
      padding-left: 0;
    }
    #TOC a:not(:hover) {
      text-decoration: none;
    }
    code{white-space: pre-wrap;}
    span.smallcaps{font-variant: small-caps;}
    div.columns{display: flex; gap: min(4vw, 1.5em);}
    div.column{flex: auto; overflow-x: auto;}
    div.hanging-indent{margin-left: 1.5em; text-indent: -1.5em;}
    /* The extra [class] is a hack that increases specificity enough to
       override a similar rule in reveal.js */
    ul.task-list[class]{list-style: none;}
    ul.task-list li input[type=""checkbox""] {
      font-size: inherit;
      width: 0.8em;
      margin: 0 0.8em 0.2em -1.6em;
      vertical-align: middle;
    }
    .display.math{display: block; text-align: center; margin: 0.5rem auto;}
  </style>
</head>
<body>
<h2 id=""qkb-01-repräsentativität"">QKB-01 Repräsentativität</h2>
<h3 id=""beschreibung"">Beschreibung</h3>
<p>Repräsentativität bezieht sich darauf, wie gut der Datensatz die
Gesamtpopulation widerspiegelt, aus der er stammt. Um Repräsentativität
innerhalb von Trainingsdaten sicherzustellen ist es zielführend diverse
Aspekte zu beachten. Vielfalt gewährleistet, dass die Daten eine breite
Palette von Permutationen abdecken und zur Generalisierung der Modelle
beitragen. Ausgewogenheit stellt sicher, dass mögliche Inhalte innerhalb
des Datensatzes nicht über- oder unterrepräsentiert werden. Um
repräsentativ zu sein, muss auch die Größe des Datensatzes entsprechend
gewählt werden. Ansonsten können systematische Fehler in den Modellen
später zu sogenanntem Bias (Verzerrung) der Ergebnisse führen.</p>
<p>Häufig werden Synonyme für ""Repräsentativität"" genutzt. Sie sind
vielfältig und helfen, den Begriff aus unterschiedlichen Blickwinkeln zu
betrachten. Wir bilden diese Begriffe wie ""Abbildbarkeit"" und
""Repräsentationsqualität"" als Bausteine des Hauptkriteriums ab.
""Ausgewogenheit"" und ""Vielfalt"" fokussieren sich darauf, dass eine
breite Palette von Merkmalen und Kategorien im Datensatz vorhanden ist,
um eine faire und umfassende Repräsentation zu gewährleisten.
""Verallgemeinerungsfähigkeit"" und ""Stichprobenqualität"" beziehen sich
auf die Eignung des Datensatzes, zuverlässige und genaue Vorhersagen für
die gesamte Zielpopulation zu ermöglichen.</p>
<p>Eine Abgrenzung kann gegen das Merkmal der ""Gültigkeit"" gemacht
werden. Gültigkeit bezieht sich darauf, wie gut ein Datensatz
tatsächlich das misst, was er messen soll. Repräsentativität hingegen
bezieht sich darauf, wie gut er die Gesamtpopulation widerspiegelt, aus
der er stammt. Das bedeutet: ein Datensatz kann valide sein (d.h. er
misst genau das, was er messen soll), aber dennoch nicht repräsentativ
(d.h. er spiegelt nicht die Gesamtpopulation wider). Umgekehrt kann ein
repräsentativer Datensatz vorliegen, der jedoch nicht valide ist, wenn
die Messungen oder Daten fehlerhaft oder irrelevant sind.</p>
<h3 id=""beispiel"">Beispiel</h3>
<p>Es soll ein maschinelles Lernmodell trainiert werden, um die
Kreditwürdigkeit von Personen vorherzusagen. Der Zielmarkt für dieses
Modell sind Kreditnehmer mit unterschiedlicher Demographie,
Einkommensverteilung, Beschäftigungsarten und Kreditgeschichte. Um die
Repräsentativität zu gewährleisten, müssen die Trainingsdaten eine
breite und faire Stichprobe der gesamten Bevölkerung enthalten. Das
bedeutet, dass der Datensatz Kreditnehmer aus verschiedenen
Altersgruppen, Einkommensschichten, geografischen Regionen,
Bildungsniveaus und Geschlechtern umfassen sollte.</p>
<h3 id=""bausteine"">Bausteine</h3>
<table class=""Table Grid"">
<thead>
<tr class=""header"">
<th>Baustein</th>
<th>Kurzbeschr.</th>
</tr>
</thead>
<tbody>
<tr class=""odd"">
<td>QB-03_Diversity</td>
<td>Vielfalt deckt die Verschiedenartigkeit und das Variationspotential
von Werten ab.</td>
</tr>
<tr class=""even"">
<td>QB-04_Balance</td>
<td>Ausgewogenheit sichert gleichmäßige Verteilung, Vielfalt maximiert
Varianz.</td>
</tr>
<tr class=""odd"">
<td>QB-05_Size</td>
<td>Größere Datensätze verbessern Modellgenauigkeit, Robustheit und
reduzieren Overfitting.</td>
</tr>
<tr class=""even"">
<td>QB-06 Bias-Detektion</td>
<td>Unausgewogene Verteilung führt zu systematischen Verzerrungen in
Modellvorhersagen.</td>
</tr>
<tr class=""odd"">
<td>QB-15_Bias-Mitigation</td>
<td>Der Baustein beschreibt technische Verfahren zur Reduzierung von
Verzerrungen in KI-Modellen, die idealerweise bereits bei der
Datenerhebung ansetzen und sich je nach Zeitpunkt ihres Einsatzes im
Entwicklungszyklus in Präprozessierungs-, Inprozessierungs- und
Postprozessierungsmethoden gliedern, wie anhand eines
Bewerbungs-Beispiels veranschaulicht wird.</td>
</tr>
</tbody>
</table>
<h3 id=""referenzen"">Referenzen</h3>
<table class=""Table Grid"">
<thead>
<tr class=""header"">
<th>RefID</th>
<th>Verweis</th>
<th>Kurzbeschr.</th>
</tr>
</thead>
<tbody>
<tr class=""odd"">
<td>296</td>
<td>Bias in der künstlichen Intelligenz</td>
<td>Das Dokument Bias in der künstlichen Intelligenz befasst sich mit
den Grundlagen und zeigt Detektion und Mitigationsmechanismen auf um
Bias in den eigenen Datensätzen auf die Spur zu kommen.</td>
</tr>
<tr class=""even"">
<td>260</td>
<td>AI-Act - Verordnung (EU) 2024/1689 des Europäischen Parlaments und
des Rates vom 13. Juni 2024 zur Festlegung harmonisierter Vorschriften
für künstliche Intelligenz und zur Änderung der Verordnungen (EG) Nr.
300/2008, (EU) Nr. 167/2013, (EU) Nr. 168/2013, (EU) 2018/858, (EU)
2018/1139 und (EU) 2019/2144 sowie der Richtlinien 2014/90/EU, (EU)
2016/797 und (EU) 2020/1828 (Verordnung über künstliche Intelligenz)
(Text von Bedeutung für den EWR)</td>
<td>Der AI Act reguliert KI-Systeme nach Risikostufen, fordert für
hochriskante Anwendungen strenge Vorgaben und setzt auf Transparenz und
Menschenrechtsschutz. Artikel 10 verlangt qualitativ hochwertige,
dokumentierte Datensätze, um faire und vertrauenswürdige KI zu
gewährleisten.</td>
</tr>
<tr class=""odd"">
<td>33</td>
<td>ISO/IEC 25012:2008 - Software engineering — Software product Quality
Requirements and Evaluation (SQuaRE) — Data quality model</td>
<td>Softwareentwicklung – Qualitätsanforderungen und Bewertung von
Softwareprodukten (SQuaRE) – Datenqualitätsmodell</td>
</tr>
</tbody>
</table>
</body>
</html>
"
2;QKB-02 Completeness;QKB-02 Completeness;QKB-02 Vollständigkeit;Vollständigkeit wird erfüllt, wenn der Datensatz für die erwarteten Attribute oder Merkmale Daten enthält.;;Qualitätskriterien;1;;QKB-02;"<!DOCTYPE html>

<html lang="""" xml:lang="""" xmlns=""http://www.w3.org/1999/xhtml"">
<head>
<meta charset=""utf-8""/>
<meta content=""pandoc"" name=""generator""/>
<meta content=""width=device-width, initial-scale=1.0, user-scalable=yes"" name=""viewport""/>
<title>-</title>
<style>
    html {
      color: #1a1a1a;
      background-color: #fdfdfd;
    }
    body {
      margin: 0 auto;
      max-width: 36em;
      padding-left: 50px;
      padding-right: 50px;
      padding-top: 50px;
      padding-bottom: 50px;
      hyphens: auto;
      overflow-wrap: break-word;
      text-rendering: optimizeLegibility;
      font-kerning: normal;
    }
    @media (max-width: 600px) {
      body {
        font-size: 0.9em;
        padding: 12px;
      }
      h1 {
        font-size: 1.8em;
      }
    }
    @media print {
      html {
        background-color: white;
      }
      body {
        background-color: transparent;
        color: black;
        font-size: 12pt;
      }
      p, h2, h3 {
        orphans: 3;
        widows: 3;
      }
      h2, h3, h4 {
        page-break-after: avoid;
      }
    }
    p {
      margin: 1em 0;
    }
    a {
      color: #1a1a1a;
    }
    a:visited {
      color: #1a1a1a;
    }
    img {
      max-width: 100%;
    }
    svg {
      height: auto;
      max-width: 100%;
    }
    h1, h2, h3, h4, h5, h6 {
      margin-top: 1.4em;
    }
    h5, h6 {
      font-size: 1em;
      font-style: italic;
    }
    h6 {
      font-weight: normal;
    }
    ol, ul {
      padding-left: 1.7em;
      margin-top: 1em;
    }
    li > ol, li > ul {
      margin-top: 0;
    }
    blockquote {
      margin: 1em 0 1em 1.7em;
      padding-left: 1em;
      border-left: 2px solid #e6e6e6;
      color: #606060;
    }
    code {
      font-family: Menlo, Monaco, Consolas, 'Lucida Console', monospace;
      font-size: 85%;
      margin: 0;
      hyphens: manual;
    }
    pre {
      margin: 1em 0;
      overflow: auto;
    }
    pre code {
      padding: 0;
      overflow: visible;
      overflow-wrap: normal;
    }
    .sourceCode {
     background-color: transparent;
     overflow: visible;
    }
    hr {
      background-color: #1a1a1a;
      border: none;
      height: 1px;
      margin: 1em 0;
    }
    table {
      margin: 1em 0;
      border-collapse: collapse;
      width: 100%;
      overflow-x: auto;
      display: block;
      font-variant-numeric: lining-nums tabular-nums;
    }
    table caption {
      margin-bottom: 0.75em;
    }
    tbody {
      margin-top: 0.5em;
      border-top: 1px solid #1a1a1a;
      border-bottom: 1px solid #1a1a1a;
    }
    th {
      border-top: 1px solid #1a1a1a;
      padding: 0.25em 0.5em 0.25em 0.5em;
    }
    td {
      padding: 0.125em 0.5em 0.25em 0.5em;
    }
    header {
      margin-bottom: 4em;
      text-align: center;
    }
    #TOC li {
      list-style: none;
    }
    #TOC ul {
      padding-left: 1.3em;
    }
    #TOC > ul {
      padding-left: 0;
    }
    #TOC a:not(:hover) {
      text-decoration: none;
    }
    code{white-space: pre-wrap;}
    span.smallcaps{font-variant: small-caps;}
    div.columns{display: flex; gap: min(4vw, 1.5em);}
    div.column{flex: auto; overflow-x: auto;}
    div.hanging-indent{margin-left: 1.5em; text-indent: -1.5em;}
    /* The extra [class] is a hack that increases specificity enough to
       override a similar rule in reveal.js */
    ul.task-list[class]{list-style: none;}
    ul.task-list li input[type=""checkbox""] {
      font-size: inherit;
      width: 0.8em;
      margin: 0 0.8em 0.2em -1.6em;
      vertical-align: middle;
    }
    .display.math{display: block; text-align: center; margin: 0.5rem auto;}
  </style>
</head>
<body>
<h2 id=""qkb-02-vollständigkeit"">QKB-02 Vollständigkeit</h2>
<h3 id=""beschreibung"">Beschreibung</h3>
<p>Die Vollständigkeit von Daten spielt eine zentrale Rolle, da nur
vollständige Datensätze zuverlässige Analysen und robuste Modelle
ermöglichen. Unvollständige Daten können zu verzerrten Ergebnissen,
fehlerhaften Prognosen und letztlich zu falschen Entscheidungen
führen.</p>
<p>Das Qualitätskriterium der Vollständigkeit enthält Bausteine, welche
auf die ""Vollständigkeit"" eines bestimmten Themengebietes achten. Um das
Kriterium abzudecken müssen mehrere Bausteine betrachtet werden.
Vollständigkeit wird erfüllt, wenn der Datensatz für die erwarteten
Attribute oder Merkmale Daten enthält. Auch auf die Vollständigkeit der
Attributs- bzw. der Merkmalsmenge muss geachtet werden. Vollständigkeit
ist die Eigenschaft von Daten, Werte für alle erwarteten Attribute und
Entitätsinstanzen aufzuweisen.</p>
<p>Durch unvollständige Daten entstehen in der Praxis oft Probleme.
Trainingsalgorithmen erreichen nicht ihr Ziel, wenn in Trainings-,
Validierungs- oder Testdatensätzen leere Datenpunkte vorhanden sind,
oder wenn (bspw. durch Fehlmessungen) Produktionsdaten leere Wertefelder
enthalten. Die Vollständigkeit ist eine relative Eigenschaft, deren
Bedeutung auch je nach Anwendungsszenario variieren kann.</p>
<p>Alternativ werden häufig Begriffe ""Wertevorkommen Vollständigkeit"",
""Merkmalsvollständigkeit"", ""Einträgevollständigkeit"" oder
""Beschriftungsvollständigkeit"" verwendet.</p>
<h3 id=""beispiele"">Beispiele</h3>
<ul>
<li>Keine Fehlenden Werte: Alle erforderlichen Datenpunkte sind
vorhanden, was bedeutet, dass in den Datensätzen keine Lücken
existieren, die die Analyse beeinträchtigen könnten</li>
<li>Der Datensatz umfasst alle relevanten Attribute und Merkmale, die
für die Analyse oder den Verwendungszweck notwendig sind</li>
<li>Zeitliche Vollständigkeit: Die Daten sind über den gesamten
relevanten Zeitraum vorhanden, was für zeitliche Analysen und Trends
entscheidend ist</li>
</ul>
<h3 id=""bausteine"">Bausteine</h3>
<table class=""Table Grid"">
<thead>
<tr class=""header"">
<th>Baustein</th>
<th>Kurzbeschr.</th>
</tr>
</thead>
<tbody>
<tr class=""odd"">
<td>QB-07 Gesamtheit</td>
<td>Gesamtheit besteht, wenn alle erwarteten Werte vorhanden sind</td>
</tr>
<tr class=""even"">
<td>QB-09 Quellenmanagement</td>
<td>Organisation und Überwachung der Datenherkunft für Qualität und
Integrität.</td>
</tr>
</tbody>
</table>
<h3 id=""referenzen"">Referenzen</h3>
<table class=""Table Grid"">
<thead>
<tr class=""header"">
<th>RefID</th>
<th>Verweis</th>
<th>Kurzbeschr.</th>
</tr>
</thead>
<tbody>
<tr class=""odd"">
<td>260</td>
<td>AI-Act - Verordnung (EU) 2024/1689 des Europäischen Parlaments und
des Rates vom 13. Juni 2024 zur Festlegung harmonisierter Vorschriften
für künstliche Intelligenz und zur Änderung der Verordnungen (EG) Nr.
300/2008, (EU) Nr. 167/2013, (EU) Nr. 168/2013, (EU) 2018/858, (EU)
2018/1139 und (EU) 2019/2144 sowie der Richtlinien 2014/90/EU, (EU)
2016/797 und (EU) 2020/1828 (Verordnung über künstliche Intelligenz)
(Text von Bedeutung für den EWR)</td>
<td>Der AI Act reguliert KI-Systeme nach Risikostufen, fordert für
hochriskante Anwendungen strenge Vorgaben und setzt auf Transparenz und
Menschenrechtsschutz. Artikel 10 verlangt qualitativ hochwertige,
dokumentierte Datensätze, um faire und vertrauenswürdige KI zu
gewährleisten.</td>
</tr>
<tr class=""even"">
<td>206</td>
<td>Open Data Act</td>
<td>RICHTLINIE (EU) 2019/ 1024 DES EUROPÄISCHEN PARLAMENTS UND DES RATES
- vom 20. Juni 2019 - über offene Daten und die Weiterverwendung von
Informationen des öffentlichen Sektors</td>
</tr>
<tr class=""odd"">
<td>190</td>
<td>Kriterienkatalog C5</td>
<td>Der C5 (Cloud Computing Compliance Criteria Catalogue) des
Bundesamts für Sicherheit in der Informationstechnik (BSI) stellt einen
detaillierten Kriterienkatalog dar, der grundlegende Anforderungen an
die Informationssicherheit von Cloud-Diensten festlegt.</td>
</tr>
<tr class=""even"">
<td>189</td>
<td>Kriterienkatalog für KI-Cloud-Dienste – AIC4</td>
<td>Der AIC4 (Artificial Intelligence Cloud Services Compliance Criteria
Catalogue) ist ein Kriterienkatalog entwickelt vom Bundesamt für
Sicherheit in der Informationstechnik (BSI) mit dem Ziel, die Sicherheit
von KI-basierten Clouddiensten zu verbessern und zu
standardisieren.</td>
</tr>
<tr class=""odd"">
<td>148</td>
<td>ISO/IEC 25024:2015 - Systems and software engineering — Systems and
software Quality Requirements and Evaluation (SQuaRE) — Measurement of
data quality</td>
<td>ISO/IEC 25024:2015 definiert eine Reihe quantitativer Messgrößen zur
Bewertung der in ISO/IEC 25012 festgelegten Datenqualitäts­merkmale,
erläutert deren Anwendung im Datenlebenszyklus und bietet Leitlinien
sowie informative Anhänge, ist auf alle strukturierten Datensysteme
anwendbar und richtet sich an alle Rollen vom Datenlieferanten bis zum
Qualitätssicherer.</td>
</tr>
<tr class=""even"">
<td>33</td>
<td>ISO/IEC 25012:2008 - Software engineering — Software product Quality
Requirements and Evaluation (SQuaRE) — Data quality model</td>
<td>Softwareentwicklung – Qualitätsanforderungen und Bewertung von
Softwareprodukten (SQuaRE) – Datenqualitätsmodell</td>
</tr>
<tr class=""odd"">
<td>25</td>
<td>ISO/IEC 20546:2019 - Information technology — Big data — Overview
and vocabulary</td>
<td>Information technology — Big data — Overview and vocabulary bietet
eine umfassende Übersicht über Big Data, einschließlich der
Terminologie, Konzepte und allgemeinen Prinzipien, die mit Big
Data-Technologien und -Anwendungen verbunden sind. Es dient als
Grundlage für das Verständnis und die Kommunikation im Bereich Big
Data.</td>
</tr>
<tr class=""even"">
<td>18</td>
<td>ISO/IEC 5259-2 - Artificial intelligence — Data quality for
analytics and machine learning (ML) — Part 2: Data quality measures</td>
<td>Dieser Standard spezifiziert Maßnahmen zur Bewertung und
Sicherstellung der Datenqualität, einschließlich der Ausgewogenheit der
Daten.</td>
</tr>
<tr class=""odd"">
<td>16</td>
<td>ISO 19157-1:2023 - Geographic information — Data quality — Part 1:
General requirements</td>
<td>Dieses Dokument legt die Prinzipien zur Beschreibung der Qualität
geografischer Daten fest, definiert ein System und Prozesse zur
Beschreibung der Datenqualität, spezifiziert Qualitätsmesskomponenten,
beschreibt Verfahren zur Qualitätsbewertung und Prinzipien zur
Berichterstattung, ohne Mindestqualitätsniveaus festzulegen.</td>
</tr>
<tr class=""even"">
<td>2</td>
<td>ISO 8000-8:2015 - Data quality — Part 8: Information and data
quality: Concepts and measuring</td>
<td>Diese Norm bietet eine Übersicht über die Konzepte und Messmethoden
für Datenqualität. Sie umfasst Genauigkeit als eines der wesentlichen
Merkmale zur Bewertung der Datenqualität.</td>
</tr>
</tbody>
</table>
</body>
</html>
"
3;QKB-03 Genauigkeit;QKB-03 Genauigkeit;QKB-03 Genauigkeit;Konkret muss jeder Datenpunkt zu einem gewissen Grad den korrekten Wert des Datums enthalten.;;Qualitätskriterien;1;;QKB-03;"<!DOCTYPE html>

<html lang="""" xml:lang="""" xmlns=""http://www.w3.org/1999/xhtml"">
<head>
<meta charset=""utf-8""/>
<meta content=""pandoc"" name=""generator""/>
<meta content=""width=device-width, initial-scale=1.0, user-scalable=yes"" name=""viewport""/>
<title>-</title>
<style>
    html {
      color: #1a1a1a;
      background-color: #fdfdfd;
    }
    body {
      margin: 0 auto;
      max-width: 36em;
      padding-left: 50px;
      padding-right: 50px;
      padding-top: 50px;
      padding-bottom: 50px;
      hyphens: auto;
      overflow-wrap: break-word;
      text-rendering: optimizeLegibility;
      font-kerning: normal;
    }
    @media (max-width: 600px) {
      body {
        font-size: 0.9em;
        padding: 12px;
      }
      h1 {
        font-size: 1.8em;
      }
    }
    @media print {
      html {
        background-color: white;
      }
      body {
        background-color: transparent;
        color: black;
        font-size: 12pt;
      }
      p, h2, h3 {
        orphans: 3;
        widows: 3;
      }
      h2, h3, h4 {
        page-break-after: avoid;
      }
    }
    p {
      margin: 1em 0;
    }
    a {
      color: #1a1a1a;
    }
    a:visited {
      color: #1a1a1a;
    }
    img {
      max-width: 100%;
    }
    svg {
      height: auto;
      max-width: 100%;
    }
    h1, h2, h3, h4, h5, h6 {
      margin-top: 1.4em;
    }
    h5, h6 {
      font-size: 1em;
      font-style: italic;
    }
    h6 {
      font-weight: normal;
    }
    ol, ul {
      padding-left: 1.7em;
      margin-top: 1em;
    }
    li > ol, li > ul {
      margin-top: 0;
    }
    blockquote {
      margin: 1em 0 1em 1.7em;
      padding-left: 1em;
      border-left: 2px solid #e6e6e6;
      color: #606060;
    }
    code {
      font-family: Menlo, Monaco, Consolas, 'Lucida Console', monospace;
      font-size: 85%;
      margin: 0;
      hyphens: manual;
    }
    pre {
      margin: 1em 0;
      overflow: auto;
    }
    pre code {
      padding: 0;
      overflow: visible;
      overflow-wrap: normal;
    }
    .sourceCode {
     background-color: transparent;
     overflow: visible;
    }
    hr {
      background-color: #1a1a1a;
      border: none;
      height: 1px;
      margin: 1em 0;
    }
    table {
      margin: 1em 0;
      border-collapse: collapse;
      width: 100%;
      overflow-x: auto;
      display: block;
      font-variant-numeric: lining-nums tabular-nums;
    }
    table caption {
      margin-bottom: 0.75em;
    }
    tbody {
      margin-top: 0.5em;
      border-top: 1px solid #1a1a1a;
      border-bottom: 1px solid #1a1a1a;
    }
    th {
      border-top: 1px solid #1a1a1a;
      padding: 0.25em 0.5em 0.25em 0.5em;
    }
    td {
      padding: 0.125em 0.5em 0.25em 0.5em;
    }
    header {
      margin-bottom: 4em;
      text-align: center;
    }
    #TOC li {
      list-style: none;
    }
    #TOC ul {
      padding-left: 1.3em;
    }
    #TOC > ul {
      padding-left: 0;
    }
    #TOC a:not(:hover) {
      text-decoration: none;
    }
    code{white-space: pre-wrap;}
    span.smallcaps{font-variant: small-caps;}
    div.columns{display: flex; gap: min(4vw, 1.5em);}
    div.column{flex: auto; overflow-x: auto;}
    div.hanging-indent{margin-left: 1.5em; text-indent: -1.5em;}
    /* The extra [class] is a hack that increases specificity enough to
       override a similar rule in reveal.js */
    ul.task-list[class]{list-style: none;}
    ul.task-list li input[type=""checkbox""] {
      font-size: inherit;
      width: 0.8em;
      margin: 0 0.8em 0.2em -1.6em;
      vertical-align: middle;
    }
    .display.math{display: block; text-align: center; margin: 0.5rem auto;}
  </style>
</head>
<body>
<h2 id=""qkb-03-genauigkeit"">QKB-03 Genauigkeit</h2>
<h3 id=""beschreibung"">Beschreibung</h3>
<p>Genauigkeit beschreibt den Grad, in dem ein Datenwert in seiner
numerischen oder symbolischen Darstellung einem festgelegten
Referenzstandard entspricht – beispielsweise hinsichtlich zulässiger
Rundungsgrade, Formatvorgaben oder Messauflösungen. Sie gibt an, wie
präzise Daten im Verhältnis zu einem sogenannten <em>wahren</em> oder
<em>idealen</em> Wert erfasst sind.</p>
<p>In diesem Kontext bezieht sich Genauigkeit nicht auf die Leistung
eines KI-Modells, sondern auf die Qualität einzelner Datenpunkte
hinsichtlich ihrer feingranularen Übereinstimmung mit technisch oder
fachlich definierten Zielwerten.</p>
<p>""Genauigkeit"" muss gegen ""Korrektheit"" abgrenzt werden. Semantisch
unterscheiden sich die beiden Definitionen klar in ihrem Schwerpunkt:
<em>Genauigkeit</em> bezieht sich auf den <strong>Grad der
Detailtreue</strong> (Wie genau wird ein Wert erfasst?), während
<em>Korrektheit</em> die <strong>Richtigkeit an sich</strong> meint
(Stimmt der Wert überhaupt?). Damit sind die
<strong>Grundkonzepte</strong> verschieden – Präzision vs. inhaltliche
Wahrheit.</p>
<h3 id=""beispiele"">Beispiele</h3>
<ul>
<li>Medizin: Ein Bluttest zur Bestimmung des Glukosespiegels muss genaue
Werte liefern, um die richtige Diagnose und Behandlung von Diabetes zu
ermöglichen. Ungenaue Testergebnisse könnten zu falschen Diagnosen und
gefährlichen Behandlungsfehlern führen.</li>
<li>Im Lagerverwaltungssystem eines Logistikunternehmens müssen die
Bestände präzise nachverfolgt werden, um sicherzustellen, dass Produkte
verfügbar sind und rechtzeitig geliefert werden können.</li>
</ul>
<h3 id=""bausteine"">Bausteine</h3>
<table class=""Table Grid"">
<thead>
<tr class=""header"">
<th>Baustein</th>
<th>Kurzbeschr.</th>
</tr>
</thead>
<tbody>
<tr class=""odd"">
<td>QB-01 Syntaktische Genauigkeit</td>
<td>Genauigkeit der Datenstruktur gemäß grammatikalischen Regeln und
Syntax</td>
</tr>
<tr class=""even"">
<td>QB-02_Semantic Accuracy</td>
<td>Genauigkeit bzgl. Bedeutung und Kontext in Daten</td>
</tr>
</tbody>
</table>
<h3 id=""referenzen"">Referenzen</h3>
<table class=""Table Grid"">
<thead>
<tr class=""header"">
<th>RefID</th>
<th>Verweis</th>
<th>Kurzbeschr.</th>
</tr>
</thead>
<tbody>
<tr class=""odd"">
<td>2</td>
<td>ISO 8000-8:2015 - Data quality — Part 8: Information and data
quality: Concepts and measuring</td>
<td>Diese Norm bietet eine Übersicht über die Konzepte und Messmethoden
für Datenqualität. Sie umfasst Genauigkeit als eines der wesentlichen
Merkmale zur Bewertung der Datenqualität.</td>
</tr>
<tr class=""even"">
<td>16</td>
<td>ISO 19157-1:2023 - Geographic information — Data quality — Part 1:
General requirements</td>
<td>Dieses Dokument legt die Prinzipien zur Beschreibung der Qualität
geografischer Daten fest, definiert ein System und Prozesse zur
Beschreibung der Datenqualität, spezifiziert Qualitätsmesskomponenten,
beschreibt Verfahren zur Qualitätsbewertung und Prinzipien zur
Berichterstattung, ohne Mindestqualitätsniveaus festzulegen.</td>
</tr>
<tr class=""odd"">
<td>18</td>
<td>ISO/IEC 5259-2 - Artificial intelligence — Data quality for
analytics and machine learning (ML) — Part 2: Data quality measures</td>
<td>Dieser Standard spezifiziert Maßnahmen zur Bewertung und
Sicherstellung der Datenqualität, einschließlich der Ausgewogenheit der
Daten.</td>
</tr>
<tr class=""even"">
<td>33</td>
<td>ISO/IEC 25012:2008 - Software engineering — Software product Quality
Requirements and Evaluation (SQuaRE) — Data quality model</td>
<td>Softwareentwicklung – Qualitätsanforderungen und Bewertung von
Softwareprodukten (SQuaRE) – Datenqualitätsmodell</td>
</tr>
</tbody>
</table>
</body>
</html>
"
4;QKB-04 Konsistenz;QKB-04 Konsistenz;QKB-04 Konsistenz;Konsistenz soll sicherstellen, das Trainingsdaten einheitlich, fehlerfrei und ohne Widersprüche sind.;;Qualitätskriterien;1;;QKB-04;"<!DOCTYPE html>

<html lang="""" xml:lang="""" xmlns=""http://www.w3.org/1999/xhtml"">
<head>
<meta charset=""utf-8""/>
<meta content=""pandoc"" name=""generator""/>
<meta content=""width=device-width, initial-scale=1.0, user-scalable=yes"" name=""viewport""/>
<title>-</title>
<style>
    html {
      color: #1a1a1a;
      background-color: #fdfdfd;
    }
    body {
      margin: 0 auto;
      max-width: 36em;
      padding-left: 50px;
      padding-right: 50px;
      padding-top: 50px;
      padding-bottom: 50px;
      hyphens: auto;
      overflow-wrap: break-word;
      text-rendering: optimizeLegibility;
      font-kerning: normal;
    }
    @media (max-width: 600px) {
      body {
        font-size: 0.9em;
        padding: 12px;
      }
      h1 {
        font-size: 1.8em;
      }
    }
    @media print {
      html {
        background-color: white;
      }
      body {
        background-color: transparent;
        color: black;
        font-size: 12pt;
      }
      p, h2, h3 {
        orphans: 3;
        widows: 3;
      }
      h2, h3, h4 {
        page-break-after: avoid;
      }
    }
    p {
      margin: 1em 0;
    }
    a {
      color: #1a1a1a;
    }
    a:visited {
      color: #1a1a1a;
    }
    img {
      max-width: 100%;
    }
    svg {
      height: auto;
      max-width: 100%;
    }
    h1, h2, h3, h4, h5, h6 {
      margin-top: 1.4em;
    }
    h5, h6 {
      font-size: 1em;
      font-style: italic;
    }
    h6 {
      font-weight: normal;
    }
    ol, ul {
      padding-left: 1.7em;
      margin-top: 1em;
    }
    li > ol, li > ul {
      margin-top: 0;
    }
    blockquote {
      margin: 1em 0 1em 1.7em;
      padding-left: 1em;
      border-left: 2px solid #e6e6e6;
      color: #606060;
    }
    code {
      font-family: Menlo, Monaco, Consolas, 'Lucida Console', monospace;
      font-size: 85%;
      margin: 0;
      hyphens: manual;
    }
    pre {
      margin: 1em 0;
      overflow: auto;
    }
    pre code {
      padding: 0;
      overflow: visible;
      overflow-wrap: normal;
    }
    .sourceCode {
     background-color: transparent;
     overflow: visible;
    }
    hr {
      background-color: #1a1a1a;
      border: none;
      height: 1px;
      margin: 1em 0;
    }
    table {
      margin: 1em 0;
      border-collapse: collapse;
      width: 100%;
      overflow-x: auto;
      display: block;
      font-variant-numeric: lining-nums tabular-nums;
    }
    table caption {
      margin-bottom: 0.75em;
    }
    tbody {
      margin-top: 0.5em;
      border-top: 1px solid #1a1a1a;
      border-bottom: 1px solid #1a1a1a;
    }
    th {
      border-top: 1px solid #1a1a1a;
      padding: 0.25em 0.5em 0.25em 0.5em;
    }
    td {
      padding: 0.125em 0.5em 0.25em 0.5em;
    }
    header {
      margin-bottom: 4em;
      text-align: center;
    }
    #TOC li {
      list-style: none;
    }
    #TOC ul {
      padding-left: 1.3em;
    }
    #TOC > ul {
      padding-left: 0;
    }
    #TOC a:not(:hover) {
      text-decoration: none;
    }
    code{white-space: pre-wrap;}
    span.smallcaps{font-variant: small-caps;}
    div.columns{display: flex; gap: min(4vw, 1.5em);}
    div.column{flex: auto; overflow-x: auto;}
    div.hanging-indent{margin-left: 1.5em; text-indent: -1.5em;}
    /* The extra [class] is a hack that increases specificity enough to
       override a similar rule in reveal.js */
    ul.task-list[class]{list-style: none;}
    ul.task-list li input[type=""checkbox""] {
      font-size: inherit;
      width: 0.8em;
      margin: 0 0.8em 0.2em -1.6em;
      vertical-align: middle;
    }
    .display.math{display: block; text-align: center; margin: 0.5rem auto;}
  </style>
</head>
<body>
<h2 id=""qkb-04-konsistenz"">QKB-04 Konsistenz</h2>
<h3 id=""beschreibung"">Beschreibung</h3>
<p>Konsistenz soll sicherstellen, dass Trainingsdaten einheitlich,
fehlerfrei und ohne Widersprüche sind. Nur durch wiederkehrende, nicht
widersprüchliche Muster können Modelle die Inhalte aus den Daten
generalisieren. Einheitliche Formatierungen können zur Konsistenz der
Daten beitragen. Gleiche Kategorien oder Klassifikationen müssen
einheitlich kodiert werden.</p>
<p>Als Synonyme für 'Konsistenz' kommen Begriffe wie Übereinstimmung,
Kohärenz und Einhaltung in Betracht. Diese Synonyme betonen die
Konformität der Daten mit vordefinierten Standards, ihren logischen
Zusammenhang sowie die strikte Befolgung von Regeln bei der
Datenerfassung und -verarbeitung.</p>
<p>Im Rahmen der Datenqualität unterscheidet man zwei wichtige, jedoch
voneinander unabhängige Dimensionen:</p>
<ul>
<li><p><strong>Einheitlichkeit</strong> stellt sicher, dass alle
Dateneinträge denselben Formatierungsstandards entsprechen. Zum Beispiel
müssen alle Datumswerte in einem vordefinierten Format (z.B. dd-MM-yyyy)
vorliegen.</p></li>
<li><p><strong>Konsistenz</strong> geht darüber hinaus und prüft, ob die
Daten inhaltlich stimmig und frei von Widersprüchen sind. Sie betrachtet
die Beziehung zwischen den Daten, also ob Einträge miteinander in
Einklang stehen, selbst wenn sie formal korrekt sein mögen. Dies
bedeutet, dass zusammenhängende Daten – etwa Kundendaten, die in
verschiedenen Tabellen geführt werden – übereinstimmen. Ein Datensatz
kann also einheitlich formatiert sein und dennoch inkonsistente
(widersprüchliche) Informationen enthalten, wenn z.B. Adressangaben
nicht synchron aktualisiert werden.</p></li>
</ul>
<p>Zur Veranschaulichung: Während Einheitlichkeit vor allem die optische
und strukturtechnische Übereinstimmung der Daten sicherstellt, bewertet
Konsistenz, ob die hinterlegten Informationen logisch und inhaltlich
korrekt zueinander passen.</p>
<h3 id=""beispiele"">Beispiele</h3>
<h4 id=""beispiel-1-datenbankmanagement"">Beispiel 1:
Datenbankmanagement</h4>
<p>In einem Kundendatenbanksystem müssen alle Datensätze, die sich auf
denselben Kunden beziehen, konsistent sein. Wenn ein Kunde
beispielsweise in verschiedenen Tabellen der Datenbank aufgeführt ist,
müssen die Informationen über diesen Kunden in allen Tabellen
übereinstimmen.</p>
<p><strong>Situation:</strong></p>
<ul>
<li>Tabelle ""Kunden"": Ein Eintrag für John Doe mit der Kundennummer
12345 und der Adresse ""Musterstraße 1"".</li>
<li>Tabelle ""Bestellungen"": Einträge für Bestellungen von John Doe mit
der Kundennummer 12345.</li>
</ul>
<p><strong>Konsistenzproblem:</strong> Wenn die Adresse von John Doe in
der Tabelle ""Kunden"" auf ""Beispielstraße 2"" geändert wird, aber in der
Tabelle ""Bestellungen"" immer noch ""Musterstraße 1"" steht, gibt es ein
Konsistenzproblem.</p>
<p><strong>Lösung:</strong> Es muss ein Mechanismus implementiert
werden, der sicherstellt, dass alle Tabellen, die Informationen über
John Doe enthalten, nach einer Adressänderung aktualisiert werden,
sodass die Adresse überall gleich ist.</p>
<h4 id=""beispiel-2-finanzberichterstattung"">Beispiel 2:
Finanzberichterstattung</h4>
<p>In einem Unternehmen ist es entscheidend, dass die Finanzdaten
konsistent über verschiedene Abteilungen hinweg geführt werden, um
genaue und zuverlässige Berichte zu erstellen.</p>
<p><strong>Situation:</strong></p>
<ul>
<li>Abteilung ""Vertrieb"": Berichtet monatlich über Einnahmen aus
Produktverkäufen.</li>
<li>Abteilung ""Buchhaltung"": Berichtet ebenfalls monatlich über
Einnahmen und Ausgaben.</li>
</ul>
<p><strong>Konsistenzproblem:</strong> Wenn die Abteilung ""Vertrieb"" für
Januar 2024 Einnahmen von 100.000 EUR meldet, die Abteilung
""Buchhaltung"" jedoch nur Einnahmen von 95.000 EUR verzeichnet, besteht
ein Konsistenzproblem, das auf falsche oder unvollständige Daten in
einer der Abteilungen hinweisen könnte.</p>
<p><strong>Lösung:</strong> Es muss eine regelmäßige Abstimmung und
Überprüfung der Daten zwischen den Abteilungen erfolgen, um
sicherzustellen, dass die Einnahmen korrekt und übereinstimmend
berichtet werden. Dies könnte durch monatliche Meetings und die
Einführung eines zentralen, gemeinsam genutzten Finanzsystems erfolgen,
das die Daten automatisch abgleicht.</p>
<p>Diese Beispiele zeigen, wie wichtig Konsistenz für die Integrität und
Zuverlässigkeit von Daten in verschiedenen Kontexten ist.</p>
<h3 id=""bausteine"">Bausteine</h3>
<table class=""Table Grid"">
<thead>
<tr class=""header"">
<th>Baustein</th>
<th>Kurzbeschr.</th>
</tr>
</thead>
<tbody>
<tr class=""odd"">
<td>QB-02_Semantic Accuracy</td>
<td>Genauigkeit bzgl. Bedeutung und Kontext in Daten</td>
</tr>
<tr class=""even"">
<td>QB-07 Gesamtheit</td>
<td>Gesamtheit besteht, wenn alle erwarteten Werte vorhanden sind</td>
</tr>
<tr class=""odd"">
<td>QB-08 Konsistenzsicherung</td>
<td>Einheitliche, widerspruchsfreie Datenformate und -werte
gewährleisten.</td>
</tr>
<tr class=""even"">
<td>QB-10_DataChecks</td>
<td>Überprüfung von Trainingsdaten sichert Qualität vor dem
Modelltraining.</td>
</tr>
<tr class=""odd"">
<td>QB-11 Prozesse</td>
<td>Dokumentation sichert Abläufe und Prozesse in IT-Infrastruktur und
Softwareentwicklung.</td>
</tr>
<tr class=""even"">
<td>QB-12_FeatureEngineering</td>
<td>Feature Engineering wandelt Rohdaten um, verbessert ML-Modelle durch
relevante, generalisierbare, skalierbare Features.</td>
</tr>
</tbody>
</table>
<h3 id=""referenzen"">Referenzen</h3>
<table class=""Table Grid"">
<thead>
<tr class=""header"">
<th>RefID</th>
<th>Verweis</th>
<th>Kurzbeschr.</th>
</tr>
</thead>
<tbody>
<tr class=""odd"">
<td>2</td>
<td>ISO 8000-8:2015 - Data quality — Part 8: Information and data
quality: Concepts and measuring</td>
<td>Diese Norm bietet eine Übersicht über die Konzepte und Messmethoden
für Datenqualität. Sie umfasst Genauigkeit als eines der wesentlichen
Merkmale zur Bewertung der Datenqualität.</td>
</tr>
<tr class=""even"">
<td>16</td>
<td>ISO 19157-1:2023 - Geographic information — Data quality — Part 1:
General requirements</td>
<td>Dieses Dokument legt die Prinzipien zur Beschreibung der Qualität
geografischer Daten fest, definiert ein System und Prozesse zur
Beschreibung der Datenqualität, spezifiziert Qualitätsmesskomponenten,
beschreibt Verfahren zur Qualitätsbewertung und Prinzipien zur
Berichterstattung, ohne Mindestqualitätsniveaus festzulegen.</td>
</tr>
<tr class=""odd"">
<td>18</td>
<td>ISO/IEC 5259-2 - Artificial intelligence — Data quality for
analytics and machine learning (ML) — Part 2: Data quality measures</td>
<td>Dieser Standard spezifiziert Maßnahmen zur Bewertung und
Sicherstellung der Datenqualität, einschließlich der Ausgewogenheit der
Daten.</td>
</tr>
<tr class=""even"">
<td>33</td>
<td>ISO/IEC 25012:2008 - Software engineering — Software product Quality
Requirements and Evaluation (SQuaRE) — Data quality model</td>
<td>Softwareentwicklung – Qualitätsanforderungen und Bewertung von
Softwareprodukten (SQuaRE) – Datenqualitätsmodell</td>
</tr>
</tbody>
</table>
</body>
</html>
"
5;QKB-05 Korrektheit;QKB-05 Korrektheit;QKB-05 Korrektheit;Korrektheit in Bezug auf Trainingsdaten bedeutet, dass die Daten reelle, der Wirklichkeit entsprechende (oder die Wirklichkeit simulierende) Werte oder im Rahmen des Einsatzzwecks als Wahr gelabelte Werte enthalten müssen.;;Qualitätskriterien;1;;QKB-05;"<!DOCTYPE html>

<html lang="""" xml:lang="""" xmlns=""http://www.w3.org/1999/xhtml"">
<head>
<meta charset=""utf-8""/>
<meta content=""pandoc"" name=""generator""/>
<meta content=""width=device-width, initial-scale=1.0, user-scalable=yes"" name=""viewport""/>
<title>-</title>
<style>
    html {
      color: #1a1a1a;
      background-color: #fdfdfd;
    }
    body {
      margin: 0 auto;
      max-width: 36em;
      padding-left: 50px;
      padding-right: 50px;
      padding-top: 50px;
      padding-bottom: 50px;
      hyphens: auto;
      overflow-wrap: break-word;
      text-rendering: optimizeLegibility;
      font-kerning: normal;
    }
    @media (max-width: 600px) {
      body {
        font-size: 0.9em;
        padding: 12px;
      }
      h1 {
        font-size: 1.8em;
      }
    }
    @media print {
      html {
        background-color: white;
      }
      body {
        background-color: transparent;
        color: black;
        font-size: 12pt;
      }
      p, h2, h3 {
        orphans: 3;
        widows: 3;
      }
      h2, h3, h4 {
        page-break-after: avoid;
      }
    }
    p {
      margin: 1em 0;
    }
    a {
      color: #1a1a1a;
    }
    a:visited {
      color: #1a1a1a;
    }
    img {
      max-width: 100%;
    }
    svg {
      height: auto;
      max-width: 100%;
    }
    h1, h2, h3, h4, h5, h6 {
      margin-top: 1.4em;
    }
    h5, h6 {
      font-size: 1em;
      font-style: italic;
    }
    h6 {
      font-weight: normal;
    }
    ol, ul {
      padding-left: 1.7em;
      margin-top: 1em;
    }
    li > ol, li > ul {
      margin-top: 0;
    }
    blockquote {
      margin: 1em 0 1em 1.7em;
      padding-left: 1em;
      border-left: 2px solid #e6e6e6;
      color: #606060;
    }
    code {
      font-family: Menlo, Monaco, Consolas, 'Lucida Console', monospace;
      font-size: 85%;
      margin: 0;
      hyphens: manual;
    }
    pre {
      margin: 1em 0;
      overflow: auto;
    }
    pre code {
      padding: 0;
      overflow: visible;
      overflow-wrap: normal;
    }
    .sourceCode {
     background-color: transparent;
     overflow: visible;
    }
    hr {
      background-color: #1a1a1a;
      border: none;
      height: 1px;
      margin: 1em 0;
    }
    table {
      margin: 1em 0;
      border-collapse: collapse;
      width: 100%;
      overflow-x: auto;
      display: block;
      font-variant-numeric: lining-nums tabular-nums;
    }
    table caption {
      margin-bottom: 0.75em;
    }
    tbody {
      margin-top: 0.5em;
      border-top: 1px solid #1a1a1a;
      border-bottom: 1px solid #1a1a1a;
    }
    th {
      border-top: 1px solid #1a1a1a;
      padding: 0.25em 0.5em 0.25em 0.5em;
    }
    td {
      padding: 0.125em 0.5em 0.25em 0.5em;
    }
    header {
      margin-bottom: 4em;
      text-align: center;
    }
    #TOC li {
      list-style: none;
    }
    #TOC ul {
      padding-left: 1.3em;
    }
    #TOC > ul {
      padding-left: 0;
    }
    #TOC a:not(:hover) {
      text-decoration: none;
    }
    code{white-space: pre-wrap;}
    span.smallcaps{font-variant: small-caps;}
    div.columns{display: flex; gap: min(4vw, 1.5em);}
    div.column{flex: auto; overflow-x: auto;}
    div.hanging-indent{margin-left: 1.5em; text-indent: -1.5em;}
    /* The extra [class] is a hack that increases specificity enough to
       override a similar rule in reveal.js */
    ul.task-list[class]{list-style: none;}
    ul.task-list li input[type=""checkbox""] {
      font-size: inherit;
      width: 0.8em;
      margin: 0 0.8em 0.2em -1.6em;
      vertical-align: middle;
    }
    .display.math{display: block; text-align: center; margin: 0.5rem auto;}
  </style>
</head>
<body>
<h2 id=""qkb-05-korrektheit"">QKB-05 Korrektheit</h2>
<h3 id=""beschreibung"">Beschreibung</h3>
<p>KI-Modelle sammeln im Lernprozess Korrelationen auf den Daten.
Falsche Daten können die Leistung eines KI-Modells oder
Machine-Learning-Algorithmus erheblich beeinflussen. Korrektheit
beschreibt, inwieweit Daten inhaltlich richtig sind – das heißt, ob sie
die Realität oder einen als gültig anerkannten Zustand fehlerfrei
widerspiegeln. Korrekte Daten entsprechen entweder tatsächlich
gemessenen Werten, externen Referenzquellen oder als „wahr“
gekennzeichneten Informationen im Anwendungskontext (z.B. Labels in
Trainingsdaten).</p>
<p>Korrektheit erfordert die Abwesenheit von inhaltlichen Fehlern,
unabhängig davon, wie präzise oder vollständig die Daten sind.</p>
<p>Häufig genutzte Synonyme für ""Korrektheit"" sind Konsistenz (siehe
Abgrenzung zu Konsistenz), Konformität und Uniformität.</p>
<p>Das Kriterium ""Korrektheit"" muss gegen ""Genauigkeit"" abgrenzt werden.
Genauigkeit bezieht sich auf das Maß oder die Vorhersage in dem eine
Messung den tatsächlichen Wert widerspiegelt. Es handelt sich also um
die Nähe der berechneten Werte zu den tatsächlichen (wahren) Werten.
""Korrektheit"" hingegen bezieht sich auf die Abwesenheit von Fehlern in
einem bestimmten Kontext. Sie konzentriert sich darauf, ob die Daten
einem Satz vordefinierter Regeln oder Erwartungen ohne Fehler
entsprechen.</p>
<h3 id=""beispiele"">Beispiele</h3>
<h4 id=""beispiel-1-korrektheit-von-kundendaten"">Beispiel 1: Korrektheit
von Kundendaten</h4>
<p>In einem CRM-System (Customer Relationship Management) ist
Korrektheit entscheidend, um sicherzustellen, dass die
Kundeninformationen exakt und aktuell sind. Wenn ein Kunde
beispielsweise seine Adresse ändert, muss diese Änderung korrekt und
zeitnah im System eingetragen werden, um sicherzustellen, dass alle
nachfolgenden Kommunikation und Lieferungen an die richtige Adresse
erfolgen. Fehlerhafte Adressdaten könnten dazu führen, dass wichtige
Dokumente oder Produkte an die falsche Adresse gesendet werden, was
Kundenunzufriedenheit und zusätzliche Kosten zur Folge haben könnte</p>
<h4 id=""beispiel-2-korrektheit-in-medizinischen-daten"">Beispiel 2:
Korrektheit in medizinischen Daten</h4>
<p>In einem Krankenhausinformationssystem müssen die Patientendaten
absolut korrekt sein, um eine ordnungsgemäße medizinische Versorgung zu
gewährleisten. Zum Beispiel müssen die Angaben zu Allergien, Medikation
und Krankengeschichte eines Patienten korrekt und vollständig in den
Akten verzeichnet sein. Ein Fehler, wie die falsche Angabe einer
Allergie, könnte zu schwerwiegenden gesundheitlichen Folgen führen, wenn
dem Patienten ein Medikament verabreicht wird, auf das er allergisch
reagiert.</p>
<h3 id=""bausteine"">Bausteine</h3>
<table class=""Table Grid"">
<thead>
<tr class=""header"">
<th>Baustein</th>
<th>Kurzbeschr.</th>
</tr>
</thead>
<tbody>
<tr class=""odd"">
<td>QB-09 Quellenmanagement</td>
<td>Organisation und Überwachung der Datenherkunft für Qualität und
Integrität.</td>
</tr>
<tr class=""even"">
<td>QB-10_DataChecks</td>
<td>Überprüfung von Trainingsdaten sichert Qualität vor dem
Modelltraining.</td>
</tr>
<tr class=""odd"">
<td>QB-12_FeatureEngineering</td>
<td>Feature Engineering wandelt Rohdaten um, verbessert ML-Modelle durch
relevante, generalisierbare, skalierbare Features.</td>
</tr>
<tr class=""even"">
<td>QB-14_Expertanalysis</td>
<td>Die Expertenanalyse ist ein Allzweckwerkzeug um die Qualität eines
Trainingsdatensatzes hinsichtlich bestimmter Kriterien zu prüfen.
Idealerweise werden dafür mehrere Expert*innen unabhängig voneinander um
eine Einschätzung gebeten.</td>
</tr>
</tbody>
</table>
<h3 id=""referenzen"">Referenzen</h3>
<table class=""Table Grid"">
<thead>
<tr class=""header"">
<th>RefID</th>
<th>Verweis</th>
<th>Kurzbeschr.</th>
</tr>
</thead>
<tbody>
<tr class=""odd"">
<td>2</td>
<td>ISO 8000-8:2015 - Data quality — Part 8: Information and data
quality: Concepts and measuring</td>
<td>Diese Norm bietet eine Übersicht über die Konzepte und Messmethoden
für Datenqualität. Sie umfasst Genauigkeit als eines der wesentlichen
Merkmale zur Bewertung der Datenqualität.</td>
</tr>
<tr class=""even"">
<td>17</td>
<td>ISO/IEC 5259-1:2024 - Artificial intelligence — Data quality for
analytics and machine learning (ML) — Part 1: Overview, terminology, and
examples</td>
<td>Dieser Standard bietet eine Übersicht und definiert die Terminologie
sowie Beispiele zur Datenqualität im Kontext von Analytik und
maschinellem Lernen. Er adressiert die Bedeutung der Ausgewogenheit von
Trainingsdaten als Teil der Datenqualitätsanforderungen.</td>
</tr>
<tr class=""odd"">
<td>33</td>
<td>ISO/IEC 25012:2008 - Software engineering — Software product Quality
Requirements and Evaluation (SQuaRE) — Data quality model</td>
<td>Softwareentwicklung – Qualitätsanforderungen und Bewertung von
Softwareprodukten (SQuaRE) – Datenqualitätsmodell</td>
</tr>
<tr class=""even"">
<td>189</td>
<td>Kriterienkatalog für KI-Cloud-Dienste – AIC4</td>
<td>Der AIC4 (Artificial Intelligence Cloud Services Compliance Criteria
Catalogue) ist ein Kriterienkatalog entwickelt vom Bundesamt für
Sicherheit in der Informationstechnik (BSI) mit dem Ziel, die Sicherheit
von KI-basierten Clouddiensten zu verbessern und zu
standardisieren.</td>
</tr>
<tr class=""odd"">
<td>206</td>
<td>Open Data Act</td>
<td>RICHTLINIE (EU) 2019/ 1024 DES EUROPÄISCHEN PARLAMENTS UND DES RATES
- vom 20. Juni 2019 - über offene Daten und die Weiterverwendung von
Informationen des öffentlichen Sektors</td>
</tr>
<tr class=""even"">
<td>260</td>
<td>AI-Act - Verordnung (EU) 2024/1689 des Europäischen Parlaments und
des Rates vom 13. Juni 2024 zur Festlegung harmonisierter Vorschriften
für künstliche Intelligenz und zur Änderung der Verordnungen (EG) Nr.
300/2008, (EU) Nr. 167/2013, (EU) Nr. 168/2013, (EU) 2018/858, (EU)
2018/1139 und (EU) 2019/2144 sowie der Richtlinien 2014/90/EU, (EU)
2016/797 und (EU) 2020/1828 (Verordnung über künstliche Intelligenz)
(Text von Bedeutung für den EWR)</td>
<td>Der AI Act reguliert KI-Systeme nach Risikostufen, fordert für
hochriskante Anwendungen strenge Vorgaben und setzt auf Transparenz und
Menschenrechtsschutz. Artikel 10 verlangt qualitativ hochwertige,
dokumentierte Datensätze, um faire und vertrauenswürdige KI zu
gewährleisten.</td>
</tr>
</tbody>
</table>
</body>
</html>
"
6;QKB-06 Einheitlichkeit;QKB-06 Einheitlichkeit;QKB-06 Einheitlichkeit;Definieren von Form, Inhalt und Einheitlichkeit eines Datensatzes.;;Qualitätskriterien;1;;QKB-06;"<!DOCTYPE html>

<html lang="""" xml:lang="""" xmlns=""http://www.w3.org/1999/xhtml"">
<head>
<meta charset=""utf-8""/>
<meta content=""pandoc"" name=""generator""/>
<meta content=""width=device-width, initial-scale=1.0, user-scalable=yes"" name=""viewport""/>
<title>-</title>
<style>
    html {
      color: #1a1a1a;
      background-color: #fdfdfd;
    }
    body {
      margin: 0 auto;
      max-width: 36em;
      padding-left: 50px;
      padding-right: 50px;
      padding-top: 50px;
      padding-bottom: 50px;
      hyphens: auto;
      overflow-wrap: break-word;
      text-rendering: optimizeLegibility;
      font-kerning: normal;
    }
    @media (max-width: 600px) {
      body {
        font-size: 0.9em;
        padding: 12px;
      }
      h1 {
        font-size: 1.8em;
      }
    }
    @media print {
      html {
        background-color: white;
      }
      body {
        background-color: transparent;
        color: black;
        font-size: 12pt;
      }
      p, h2, h3 {
        orphans: 3;
        widows: 3;
      }
      h2, h3, h4 {
        page-break-after: avoid;
      }
    }
    p {
      margin: 1em 0;
    }
    a {
      color: #1a1a1a;
    }
    a:visited {
      color: #1a1a1a;
    }
    img {
      max-width: 100%;
    }
    svg {
      height: auto;
      max-width: 100%;
    }
    h1, h2, h3, h4, h5, h6 {
      margin-top: 1.4em;
    }
    h5, h6 {
      font-size: 1em;
      font-style: italic;
    }
    h6 {
      font-weight: normal;
    }
    ol, ul {
      padding-left: 1.7em;
      margin-top: 1em;
    }
    li > ol, li > ul {
      margin-top: 0;
    }
    blockquote {
      margin: 1em 0 1em 1.7em;
      padding-left: 1em;
      border-left: 2px solid #e6e6e6;
      color: #606060;
    }
    code {
      font-family: Menlo, Monaco, Consolas, 'Lucida Console', monospace;
      font-size: 85%;
      margin: 0;
      hyphens: manual;
    }
    pre {
      margin: 1em 0;
      overflow: auto;
    }
    pre code {
      padding: 0;
      overflow: visible;
      overflow-wrap: normal;
    }
    .sourceCode {
     background-color: transparent;
     overflow: visible;
    }
    hr {
      background-color: #1a1a1a;
      border: none;
      height: 1px;
      margin: 1em 0;
    }
    table {
      margin: 1em 0;
      border-collapse: collapse;
      width: 100%;
      overflow-x: auto;
      display: block;
      font-variant-numeric: lining-nums tabular-nums;
    }
    table caption {
      margin-bottom: 0.75em;
    }
    tbody {
      margin-top: 0.5em;
      border-top: 1px solid #1a1a1a;
      border-bottom: 1px solid #1a1a1a;
    }
    th {
      border-top: 1px solid #1a1a1a;
      padding: 0.25em 0.5em 0.25em 0.5em;
    }
    td {
      padding: 0.125em 0.5em 0.25em 0.5em;
    }
    header {
      margin-bottom: 4em;
      text-align: center;
    }
    #TOC li {
      list-style: none;
    }
    #TOC ul {
      padding-left: 1.3em;
    }
    #TOC > ul {
      padding-left: 0;
    }
    #TOC a:not(:hover) {
      text-decoration: none;
    }
    code{white-space: pre-wrap;}
    span.smallcaps{font-variant: small-caps;}
    div.columns{display: flex; gap: min(4vw, 1.5em);}
    div.column{flex: auto; overflow-x: auto;}
    div.hanging-indent{margin-left: 1.5em; text-indent: -1.5em;}
    /* The extra [class] is a hack that increases specificity enough to
       override a similar rule in reveal.js */
    ul.task-list[class]{list-style: none;}
    ul.task-list li input[type=""checkbox""] {
      font-size: inherit;
      width: 0.8em;
      margin: 0 0.8em 0.2em -1.6em;
      vertical-align: middle;
    }
    .display.math{display: block; text-align: center; margin: 0.5rem auto;}
  </style>
</head>
<body>
<h2 id=""qkb-06-einheitlichkeit"">QKB-06 Einheitlichkeit</h2>
<h3 id=""beschreibung"">Beschreibung</h3>
<p>Einheitlichkeit bezeichnet die konsequente Anwendung von festgelegten
Formaten, Strukturen und Darstellungsregeln bei der Datenerfassung und
-verarbeitung. Dabei wird sichergestellt, dass alle Datenfelder gemäß
vorab definierten Standards angelegt und dargestellt werden –
beispielsweise durch ein einheitliches Datumsformat, standardisierte
Maßeinheiten oder konsistente Kodierungen von Kategorien. Das Kriterium
""Einheitlichkeit"" bezieht sich ausschließlich auf diese formalen Aspekte
der Daten und garantiert, dass alle Einträge optisch und strukturell
identisch formatiert vorliegen, unabhängig von deren inhaltlicher
Richtigkeit oder logischer Verbindung.</p>
<p>Einheitlichkeit fokussiert sich rein auf die Standardisierung und das
Format der Daten und überschneidet sich nicht mit inhaltlichen Aspekten.
Konsistenz stellt sicher, dass die inhaltlichen Angaben in verschiedenen
Datensätzen logisch zusammenpassen, während Korrektheit die
Fehlerfreiheit der Daten in Hinblick auf reale Werte sicherstellt.
Genauigkeit bezieht sich dagegen auf die quantitative Nähe von
Messwerten zum Ideal- oder Referenzwert.</p>
<h3 id=""beispiele"">Beispiele</h3>
<h4 id=""formatierung-von-datumsangaben"">Formatierung von
Datumsangaben</h4>
<p>Einheitlich: Alle Datumsangaben in einem Datensatz verwenden das
Format ""YYYY-MM-DD"". Nicht einheitlich: Einige Datumsangaben sind im
Format ""DD/MM/YYYY"" und andere im Format ""MM-DD-YYYY"".</p>
<h4 id=""verwendung-von-maßeinheiten"">Verwendung von Maßeinheiten</h4>
<p>Einheitlich: Alle Längenangaben werden in Zentimetern angegeben.
Nicht einheitlich: Einige Längenangaben sind in Zentimetern, andere in
Metern und wieder andere in Zoll.</p>
<h3 id=""bausteine"">Bausteine</h3>
<table class=""Table Grid"">
<thead>
<tr class=""header"">
<th>Baustein</th>
<th>Kurzbeschr.</th>
</tr>
</thead>
<tbody>
<tr class=""odd"">
<td>QB-02_Semantic Accuracy</td>
<td>Genauigkeit bzgl. Bedeutung und Kontext in Daten</td>
</tr>
<tr class=""even"">
<td>QB-08 Konsistenzsicherung</td>
<td>Einheitliche, widerspruchsfreie Datenformate und -werte
gewährleisten.</td>
</tr>
<tr class=""odd"">
<td>QB-10_DataChecks</td>
<td>Überprüfung von Trainingsdaten sichert Qualität vor dem
Modelltraining.</td>
</tr>
<tr class=""even"">
<td>QB-12_FeatureEngineering</td>
<td>Feature Engineering wandelt Rohdaten um, verbessert ML-Modelle durch
relevante, generalisierbare, skalierbare Features.</td>
</tr>
<tr class=""odd"">
<td>QB-14_Expertanalysis</td>
<td>Die Expertenanalyse ist ein Allzweckwerkzeug um die Qualität eines
Trainingsdatensatzes hinsichtlich bestimmter Kriterien zu prüfen.
Idealerweise werden dafür mehrere Expert*innen unabhängig voneinander um
eine Einschätzung gebeten.</td>
</tr>
</tbody>
</table>
<h3 id=""referenzen"">Referenzen</h3>
<table class=""Table Grid"">
<thead>
<tr class=""header"">
<th>RefID</th>
<th>Verweis</th>
<th>Kurzbeschr.</th>
</tr>
</thead>
<tbody>
<tr class=""odd"">
<td>33</td>
<td>ISO/IEC 25012:2008 - Software engineering — Software product Quality
Requirements and Evaluation (SQuaRE) — Data quality model</td>
<td>Softwareentwicklung – Qualitätsanforderungen und Bewertung von
Softwareprodukten (SQuaRE) – Datenqualitätsmodell</td>
</tr>
</tbody>
</table>
</body>
</html>
"
7;QKB-07 Gültigkeit;QKB-07 Gültigkeit;QKB-07 Gültigkeit;Gültigkeit beschreibt, wie gut die Daten den reellen Bedingungen der Anforderungen entsprechen. Sie bezieht sich auf das Maß, in welchem die Daten tatsächlich das messen oder repräsentieren, was sie messen oder repräsentieren sollen.;;Qualitätskriterien;1;;QKB-07;"<!DOCTYPE html>

<html lang="""" xml:lang="""" xmlns=""http://www.w3.org/1999/xhtml"">
<head>
<meta charset=""utf-8""/>
<meta content=""pandoc"" name=""generator""/>
<meta content=""width=device-width, initial-scale=1.0, user-scalable=yes"" name=""viewport""/>
<title>-</title>
<style>
    html {
      color: #1a1a1a;
      background-color: #fdfdfd;
    }
    body {
      margin: 0 auto;
      max-width: 36em;
      padding-left: 50px;
      padding-right: 50px;
      padding-top: 50px;
      padding-bottom: 50px;
      hyphens: auto;
      overflow-wrap: break-word;
      text-rendering: optimizeLegibility;
      font-kerning: normal;
    }
    @media (max-width: 600px) {
      body {
        font-size: 0.9em;
        padding: 12px;
      }
      h1 {
        font-size: 1.8em;
      }
    }
    @media print {
      html {
        background-color: white;
      }
      body {
        background-color: transparent;
        color: black;
        font-size: 12pt;
      }
      p, h2, h3 {
        orphans: 3;
        widows: 3;
      }
      h2, h3, h4 {
        page-break-after: avoid;
      }
    }
    p {
      margin: 1em 0;
    }
    a {
      color: #1a1a1a;
    }
    a:visited {
      color: #1a1a1a;
    }
    img {
      max-width: 100%;
    }
    svg {
      height: auto;
      max-width: 100%;
    }
    h1, h2, h3, h4, h5, h6 {
      margin-top: 1.4em;
    }
    h5, h6 {
      font-size: 1em;
      font-style: italic;
    }
    h6 {
      font-weight: normal;
    }
    ol, ul {
      padding-left: 1.7em;
      margin-top: 1em;
    }
    li > ol, li > ul {
      margin-top: 0;
    }
    blockquote {
      margin: 1em 0 1em 1.7em;
      padding-left: 1em;
      border-left: 2px solid #e6e6e6;
      color: #606060;
    }
    code {
      font-family: Menlo, Monaco, Consolas, 'Lucida Console', monospace;
      font-size: 85%;
      margin: 0;
      hyphens: manual;
    }
    pre {
      margin: 1em 0;
      overflow: auto;
    }
    pre code {
      padding: 0;
      overflow: visible;
      overflow-wrap: normal;
    }
    .sourceCode {
     background-color: transparent;
     overflow: visible;
    }
    hr {
      background-color: #1a1a1a;
      border: none;
      height: 1px;
      margin: 1em 0;
    }
    table {
      margin: 1em 0;
      border-collapse: collapse;
      width: 100%;
      overflow-x: auto;
      display: block;
      font-variant-numeric: lining-nums tabular-nums;
    }
    table caption {
      margin-bottom: 0.75em;
    }
    tbody {
      margin-top: 0.5em;
      border-top: 1px solid #1a1a1a;
      border-bottom: 1px solid #1a1a1a;
    }
    th {
      border-top: 1px solid #1a1a1a;
      padding: 0.25em 0.5em 0.25em 0.5em;
    }
    td {
      padding: 0.125em 0.5em 0.25em 0.5em;
    }
    header {
      margin-bottom: 4em;
      text-align: center;
    }
    #TOC li {
      list-style: none;
    }
    #TOC ul {
      padding-left: 1.3em;
    }
    #TOC > ul {
      padding-left: 0;
    }
    #TOC a:not(:hover) {
      text-decoration: none;
    }
    code{white-space: pre-wrap;}
    span.smallcaps{font-variant: small-caps;}
    div.columns{display: flex; gap: min(4vw, 1.5em);}
    div.column{flex: auto; overflow-x: auto;}
    div.hanging-indent{margin-left: 1.5em; text-indent: -1.5em;}
    /* The extra [class] is a hack that increases specificity enough to
       override a similar rule in reveal.js */
    ul.task-list[class]{list-style: none;}
    ul.task-list li input[type=""checkbox""] {
      font-size: inherit;
      width: 0.8em;
      margin: 0 0.8em 0.2em -1.6em;
      vertical-align: middle;
    }
    .display.math{display: block; text-align: center; margin: 0.5rem auto;}
  </style>
</head>
<body>
<h2 id=""qkb-07-gültigkeit"">QKB-07 Gültigkeit</h2>
<h3 id=""beschreibung"">Beschreibung</h3>
<p>Gültigkeit beschreibt, in welchem Ausmaß Daten oder Messverfahren
tatsächlich das erfassen, was sie erfassen sollen. Sie beurteilt, ob der
Inhalt eines Datensatzes oder eines Tests inhaltlich den anvisierten
Messgegenstand widerspiegelt – also ob das Messinstrument das zugrunde
liegende Konstrukt adäquat abbildet. Eine Messung ist gültig, wenn sie
den theoretisch definierten Anforderungen entspricht und damit eine
fundierte Grundlage für Interpretationen und Entscheidungen bietet.</p>
<p>Gültigkeit unterscheidet sich von der Repräsentativität, die sich auf
die Abbildung einer Gesamtheit oder Population bezieht, während
Gültigkeit den inhaltlichen Anspruch der Messung prüft. Im Gegensatz zur
Genauigkeit, die die Nähe zu einem idealen oder ""wahren"" Wert misst,
fokussiert sich die Gültigkeit darauf, ob das gemessene Merkmal in
seinem theoretischen Kontext korrekt erfasst wird. Weiterhin befasst
sich die Korrektheit mit der Fehlerfreiheit und Regelkonformität der
Daten, wohingegen Gültigkeit explizit die inhaltliche Eignung eines
Messinstruments zur Abbildung des Zielkonzepts bewertet.</p>
<h3 id=""beispiele"">Beispiele</h3>
<h4 id=""bildung"">Bildung</h4>
<p>Eine Studie soll die Effektivität eines neuen Lehrplans zur
Verbesserung der mathematischen Fähigkeiten von Schülern messen. Die
Gültigkeit der Studie wäre gegeben, wenn die Tests, die zur Messung der
mathematischen Fähigkeiten genutzt wurden, tatsächlich die
mathematischen Fähigkeiten erfassen und nicht andere Fähigkeiten wie
Lernkompetenz oder logisches Denken.</p>
<h4 id=""psychologie"">Psychologie</h4>
<p>Ein Fragebogen soll das Stressniveau von Arbeitnehmern in einem
Unternehmen messen. Die Gültigkeit des Fragebogens wäre gegeben, wenn
die Fragen tatsächlich Aspekte des Stressniveaus erfassen, wie z.B.:
Arbeitsbelastung, Zeitdruck und Konflikte am Arbeitsplatz. Es sollte
sichergestellt werden, dass die Fragen nicht irrtümlich andere Aspekte
wie allgemeine Lebenszufriedenheit oder anderweitige Themen wie
psychisch oder physische Gesundheit messen.</p>
<h3 id=""bausteine"">Bausteine</h3>
<table class=""Table Grid"">
<thead>
<tr class=""header"">
<th>Baustein</th>
<th>Kurzbeschr.</th>
</tr>
</thead>
<tbody>
<tr class=""odd"">
<td>QB-02_Semantic Accuracy</td>
<td>Genauigkeit bzgl. Bedeutung und Kontext in Daten</td>
</tr>
<tr class=""even"">
<td>QB-05_Size</td>
<td>Größere Datensätze verbessern Modellgenauigkeit, Robustheit und
reduzieren Overfitting.</td>
</tr>
<tr class=""odd"">
<td>QB-09 Quellenmanagement</td>
<td>Organisation und Überwachung der Datenherkunft für Qualität und
Integrität.</td>
</tr>
<tr class=""even"">
<td>QB-10_DataChecks</td>
<td>Überprüfung von Trainingsdaten sichert Qualität vor dem
Modelltraining.</td>
</tr>
<tr class=""odd"">
<td>QB-14_Expertanalysis</td>
<td>Die Expertenanalyse ist ein Allzweckwerkzeug um die Qualität eines
Trainingsdatensatzes hinsichtlich bestimmter Kriterien zu prüfen.
Idealerweise werden dafür mehrere Expert*innen unabhängig voneinander um
eine Einschätzung gebeten.</td>
</tr>
</tbody>
</table>
<h3 id=""referenzen"">Referenzen</h3>
<table class=""Table Grid"">
<thead>
<tr class=""header"">
<th>RefID</th>
<th>Verweis</th>
<th>Kurzbeschr.</th>
</tr>
</thead>
<tbody>
<tr class=""odd"">
<td>33</td>
<td>ISO/IEC 25012:2008 - Software engineering — Software product Quality
Requirements and Evaluation (SQuaRE) — Data quality model</td>
<td>Softwareentwicklung – Qualitätsanforderungen und Bewertung von
Softwareprodukten (SQuaRE) – Datenqualitätsmodell</td>
</tr>
</tbody>
</table>
</body>
</html>
"
8;QKB-08 Eindeutigkeit;QKB-08 Eindeutigkeit;QKB-08 Eindeutigkeit;Jeder Datensatz muss eindeutig interpretierbar sein. Das Vorhandensein von Duplikaten kann zu Verwirrung und Fehlern in Analysen und Berichten führen.;;Qualitätskriterien;1;;QKB-08;"<!DOCTYPE html>

<html lang="""" xml:lang="""" xmlns=""http://www.w3.org/1999/xhtml"">
<head>
<meta charset=""utf-8""/>
<meta content=""pandoc"" name=""generator""/>
<meta content=""width=device-width, initial-scale=1.0, user-scalable=yes"" name=""viewport""/>
<title>-</title>
<style>
    html {
      color: #1a1a1a;
      background-color: #fdfdfd;
    }
    body {
      margin: 0 auto;
      max-width: 36em;
      padding-left: 50px;
      padding-right: 50px;
      padding-top: 50px;
      padding-bottom: 50px;
      hyphens: auto;
      overflow-wrap: break-word;
      text-rendering: optimizeLegibility;
      font-kerning: normal;
    }
    @media (max-width: 600px) {
      body {
        font-size: 0.9em;
        padding: 12px;
      }
      h1 {
        font-size: 1.8em;
      }
    }
    @media print {
      html {
        background-color: white;
      }
      body {
        background-color: transparent;
        color: black;
        font-size: 12pt;
      }
      p, h2, h3 {
        orphans: 3;
        widows: 3;
      }
      h2, h3, h4 {
        page-break-after: avoid;
      }
    }
    p {
      margin: 1em 0;
    }
    a {
      color: #1a1a1a;
    }
    a:visited {
      color: #1a1a1a;
    }
    img {
      max-width: 100%;
    }
    svg {
      height: auto;
      max-width: 100%;
    }
    h1, h2, h3, h4, h5, h6 {
      margin-top: 1.4em;
    }
    h5, h6 {
      font-size: 1em;
      font-style: italic;
    }
    h6 {
      font-weight: normal;
    }
    ol, ul {
      padding-left: 1.7em;
      margin-top: 1em;
    }
    li > ol, li > ul {
      margin-top: 0;
    }
    blockquote {
      margin: 1em 0 1em 1.7em;
      padding-left: 1em;
      border-left: 2px solid #e6e6e6;
      color: #606060;
    }
    code {
      font-family: Menlo, Monaco, Consolas, 'Lucida Console', monospace;
      font-size: 85%;
      margin: 0;
      hyphens: manual;
    }
    pre {
      margin: 1em 0;
      overflow: auto;
    }
    pre code {
      padding: 0;
      overflow: visible;
      overflow-wrap: normal;
    }
    .sourceCode {
     background-color: transparent;
     overflow: visible;
    }
    hr {
      background-color: #1a1a1a;
      border: none;
      height: 1px;
      margin: 1em 0;
    }
    table {
      margin: 1em 0;
      border-collapse: collapse;
      width: 100%;
      overflow-x: auto;
      display: block;
      font-variant-numeric: lining-nums tabular-nums;
    }
    table caption {
      margin-bottom: 0.75em;
    }
    tbody {
      margin-top: 0.5em;
      border-top: 1px solid #1a1a1a;
      border-bottom: 1px solid #1a1a1a;
    }
    th {
      border-top: 1px solid #1a1a1a;
      padding: 0.25em 0.5em 0.25em 0.5em;
    }
    td {
      padding: 0.125em 0.5em 0.25em 0.5em;
    }
    header {
      margin-bottom: 4em;
      text-align: center;
    }
    #TOC li {
      list-style: none;
    }
    #TOC ul {
      padding-left: 1.3em;
    }
    #TOC > ul {
      padding-left: 0;
    }
    #TOC a:not(:hover) {
      text-decoration: none;
    }
    code{white-space: pre-wrap;}
    span.smallcaps{font-variant: small-caps;}
    div.columns{display: flex; gap: min(4vw, 1.5em);}
    div.column{flex: auto; overflow-x: auto;}
    div.hanging-indent{margin-left: 1.5em; text-indent: -1.5em;}
    /* The extra [class] is a hack that increases specificity enough to
       override a similar rule in reveal.js */
    ul.task-list[class]{list-style: none;}
    ul.task-list li input[type=""checkbox""] {
      font-size: inherit;
      width: 0.8em;
      margin: 0 0.8em 0.2em -1.6em;
      vertical-align: middle;
    }
    .display.math{display: block; text-align: center; margin: 0.5rem auto;}
  </style>
</head>
<body>
<h2 id=""qkb-08-eindeutigkeit"">QKB-08 Eindeutigkeit</h2>
<h3 id=""beschreibung"">Beschreibung</h3>
<p>Jeder Datensatz muss eindeutig interpretierbar, klar und
unmissverständlich sein. Das Vorhandensein von Duplikaten kann zu
Verwirrung und Fehlern in Analysen und Berichten führen oder im Training
von Modellen zu Overfitting führen.</p>
<p>In Abgrenzung zur Eindeutigkeit bezieht sich Einheitlichkeit auf die
Standardisierung von Datenformaten und -werten über verschiedene
Datensätze hinweg, wie zum Beispiel die einheitliche Verwendung von
Datumsformaten oder Maßeinheiten. Eindeutigkeit hingegen stellt sicher,
dass jede Dateneinheit nur einmal existiert und eindeutig
identifizierbar ist, um Duplikate zu vermeiden. Einheitlichkeit bezieht
beispielsweise darauf, dass alle Daten in einem Datensatz im selben
Format vorliegen (z.B.: dd-MM-yyyy). Konsistenz dagegen stellt sicher,
dass die Daten frei von Widersprüchen und logisch zusammenhängend
sind.</p>
<h3 id=""beispiele"">Beispiele</h3>
<h4 id=""kategorisierung-von-tieren"">Kategorisierung von Tieren</h4>
<p>In einem einen Datensatz werden Tiere klassifiziert. Die Kategorien
sind „Hund“, „Katze“ und „Vogel“. Eine eindeutige Kategorisierung würde
sicherstellen, dass es keine Überlappungen gibt, wie z. B. die Kategorie
„Hund/Katze“. Jedes Tier wird eindeutig einer Kategorie zugeordnet, ohne
Mehrdeutigkeiten. Zum Beispiel:</p>
<ul>
<li>Ein Labrador wird eindeutig als „Hund“ kategorisiert.</li>
<li>Eine Siamkatze wird eindeutig als „Katze“ kategorisiert.</li>
</ul>
<p>Diese klare Trennung verhindert Missverständnisse und stellt sicher,
dass das Modell genau lernen kann, was unter „Hund“ oder „Katze“ zu
verstehen ist.</p>
<h4 id=""eindeutige-bestellnummern"">Eindeutige Bestellnummern</h4>
<p>Jede Bestellung in einem Online-Shop erhält eine eindeutige
Bestellnummer, um Verwechslungen und doppelte Einträge zu vermeiden.</p>
<h3 id=""bausteine"">Bausteine</h3>
<table class=""Table Grid"">
<thead>
<tr class=""header"">
<th>Baustein</th>
<th>Kurzbeschr.</th>
</tr>
</thead>
<tbody>
<tr class=""odd"">
<td>QB-05_Size</td>
<td>Größere Datensätze verbessern Modellgenauigkeit, Robustheit und
reduzieren Overfitting.</td>
</tr>
<tr class=""even"">
<td>QB-10_DataChecks</td>
<td>Überprüfung von Trainingsdaten sichert Qualität vor dem
Modelltraining.</td>
</tr>
<tr class=""odd"">
<td>QB-13_DataPreparation</td>
<td>Die Datenvorbereitung bezieht sich auf alle
Datentransformationsschritte, die erforderlich sind, um Rohdaten in eine
initial nutzbare Form zu bringen, die für das Training eines
Machine-Learning-Modells geeignet sind.</td>
</tr>
</tbody>
</table>
<h3 id=""referenzen"">Referenzen</h3>
<table class=""Table Grid"">
<thead>
<tr class=""header"">
<th>RefID</th>
<th>Verweis</th>
<th>Kurzbeschr.</th>
</tr>
</thead>
<tbody>
<tr class=""odd"">
<td>33</td>
<td>ISO/IEC 25012:2008 - Software engineering — Software product Quality
Requirements and Evaluation (SQuaRE) — Data quality model</td>
<td>Softwareentwicklung – Qualitätsanforderungen und Bewertung von
Softwareprodukten (SQuaRE) – Datenqualitätsmodell</td>
</tr>
</tbody>
</table>
</body>
</html>
"
9;QKB-09_Sichere Quellen;QKB-09 Sichere Quellen;QKB-09 Sichere Quellen;Nachverfolgung und Dokumentation des Datenursprungs und -weges.;;Qualitätskriterien;1;;QKB-09;"<!DOCTYPE html>

<html lang="""" xml:lang="""" xmlns=""http://www.w3.org/1999/xhtml"">
<head>
<meta charset=""utf-8""/>
<meta content=""pandoc"" name=""generator""/>
<meta content=""width=device-width, initial-scale=1.0, user-scalable=yes"" name=""viewport""/>
<title>-</title>
<style>
    html {
      color: #1a1a1a;
      background-color: #fdfdfd;
    }
    body {
      margin: 0 auto;
      max-width: 36em;
      padding-left: 50px;
      padding-right: 50px;
      padding-top: 50px;
      padding-bottom: 50px;
      hyphens: auto;
      overflow-wrap: break-word;
      text-rendering: optimizeLegibility;
      font-kerning: normal;
    }
    @media (max-width: 600px) {
      body {
        font-size: 0.9em;
        padding: 12px;
      }
      h1 {
        font-size: 1.8em;
      }
    }
    @media print {
      html {
        background-color: white;
      }
      body {
        background-color: transparent;
        color: black;
        font-size: 12pt;
      }
      p, h2, h3 {
        orphans: 3;
        widows: 3;
      }
      h2, h3, h4 {
        page-break-after: avoid;
      }
    }
    p {
      margin: 1em 0;
    }
    a {
      color: #1a1a1a;
    }
    a:visited {
      color: #1a1a1a;
    }
    img {
      max-width: 100%;
    }
    svg {
      height: auto;
      max-width: 100%;
    }
    h1, h2, h3, h4, h5, h6 {
      margin-top: 1.4em;
    }
    h5, h6 {
      font-size: 1em;
      font-style: italic;
    }
    h6 {
      font-weight: normal;
    }
    ol, ul {
      padding-left: 1.7em;
      margin-top: 1em;
    }
    li > ol, li > ul {
      margin-top: 0;
    }
    blockquote {
      margin: 1em 0 1em 1.7em;
      padding-left: 1em;
      border-left: 2px solid #e6e6e6;
      color: #606060;
    }
    code {
      font-family: Menlo, Monaco, Consolas, 'Lucida Console', monospace;
      font-size: 85%;
      margin: 0;
      hyphens: manual;
    }
    pre {
      margin: 1em 0;
      overflow: auto;
    }
    pre code {
      padding: 0;
      overflow: visible;
      overflow-wrap: normal;
    }
    .sourceCode {
     background-color: transparent;
     overflow: visible;
    }
    hr {
      background-color: #1a1a1a;
      border: none;
      height: 1px;
      margin: 1em 0;
    }
    table {
      margin: 1em 0;
      border-collapse: collapse;
      width: 100%;
      overflow-x: auto;
      display: block;
      font-variant-numeric: lining-nums tabular-nums;
    }
    table caption {
      margin-bottom: 0.75em;
    }
    tbody {
      margin-top: 0.5em;
      border-top: 1px solid #1a1a1a;
      border-bottom: 1px solid #1a1a1a;
    }
    th {
      border-top: 1px solid #1a1a1a;
      padding: 0.25em 0.5em 0.25em 0.5em;
    }
    td {
      padding: 0.125em 0.5em 0.25em 0.5em;
    }
    header {
      margin-bottom: 4em;
      text-align: center;
    }
    #TOC li {
      list-style: none;
    }
    #TOC ul {
      padding-left: 1.3em;
    }
    #TOC > ul {
      padding-left: 0;
    }
    #TOC a:not(:hover) {
      text-decoration: none;
    }
    code{white-space: pre-wrap;}
    span.smallcaps{font-variant: small-caps;}
    div.columns{display: flex; gap: min(4vw, 1.5em);}
    div.column{flex: auto; overflow-x: auto;}
    div.hanging-indent{margin-left: 1.5em; text-indent: -1.5em;}
    /* The extra [class] is a hack that increases specificity enough to
       override a similar rule in reveal.js */
    ul.task-list[class]{list-style: none;}
    ul.task-list li input[type=""checkbox""] {
      font-size: inherit;
      width: 0.8em;
      margin: 0 0.8em 0.2em -1.6em;
      vertical-align: middle;
    }
    .display.math{display: block; text-align: center; margin: 0.5rem auto;}
  </style>
</head>
<body>
<h2 id=""qkb-09-sichere-quellen"">QKB-09 Sichere Quellen</h2>
<h3 id=""beschreibung"">Beschreibung</h3>
<p>Sichere Quellen beziehen sich auf die lückenlose Dokumentation und
Überprüfbarkeit der Datenherkunft – der Datenprovenienz –, die den
kompletten Entstehungs- und Verarbeitungsverlauf eines Datensatzes
abbildet. Dies umfasst die Erfassung des ursprünglichen Ursprungs der
Daten, die angewendeten Methoden der Datenerhebung, sämtliche
durchlaufene Transformationen sowie alle Verarbeitungsschritte. Eine
umfassende Transparenz der Datenherkunft ist entscheidend, um die
Glaubwürdigkeit, Zuverlässigkeit und Qualität der Daten zu beurteilen,
indem sie Authentizität und Integrität verifiziert. In Zeiten großer
Datenmengen und komplexer Verarbeitungsketten bildet die transparente
Dokumentation der Datenprovenienz die Grundlage für hohe
Datenqualitätsstandards und ermöglicht es, potenzielle Einflussfaktoren
auf die Daten nachvollziehbar zu identifizieren.</p>
<h3 id=""beispiele"">Beispiele</h3>
<h4 id=""beispiel-1-wissenschaftliche-forschung"">Beispiel 1:
Wissenschaftliche Forschung</h4>
<p>In einem Forschungsprojekt zur Untersuchung der Auswirkungen von
Klimawandel auf die Biodiversität ist es entscheidend, dass die
verwendeten Daten aus sicheren Quellen stammen. Dazu gehören:</p>
<ul>
<li><strong>Peer-Review-Artikel</strong>: Verwendet werden nur Studien
und Artikel, die in renommierten, peer-reviewten wissenschaftlichen
Zeitschriften veröffentlicht wurden. Diese Artikel wurden von Experten
auf dem Gebiet überprüft und validiert.</li>
<li><strong>Daten von anerkannten Forschungsinstituten</strong>: Daten
über Klimadaten und Artenvielfalt stammen von anerkannten Institutionen
wie der NASA, dem Intergovernmental Panel on Climate Change (IPCC) und
dem World Wildlife Fund (WWF). Diese Institutionen haben strenge
Qualitätskontrollen und Validierungsprozesse, um die Genauigkeit und
Zuverlässigkeit ihrer Daten sicherzustellen.</li>
</ul>
<h4 id=""beispiel-2-gesundheitsinformationen"">Beispiel 2:
Gesundheitsinformationen</h4>
<p>In einem Gesundheitsportal, das Informationen über verschiedene
Krankheiten und Behandlungsmethoden bereitstellt, müssen die
Informationen aus sicheren und vertrauenswürdigen Quellen stammen. Diese
Quellendokumentation stellt unter anderem die Genauigkeit und
Zuverlässigkeit der bereitgestellten Informationen sicher. Dazu gehören
bspw.:</p>
<ul>
<li><strong>Medizinische Fachzeitschriften</strong>: Informationen
werden aus Artikeln und Studien entnommen, die in etablierten
medizinischen Fachzeitschriften wie The Lancet, JAMA (Journal of the
American Medical Association) oder NEJM (New England Journal of
Medicine) veröffentlicht wurden. Diese Quellen durchlaufen einen
strengen Peer-Review-Prozess.</li>
<li><strong>Offizielle Gesundheitsbehörden</strong>: Informationen über
Krankheiten, Behandlungen und gesundheitliche Empfehlungen werden von
offiziellen Gesundheitsbehörden wie der Weltgesundheitsorganisation
(WHO), den Centers for Disease Control and Prevention (CDC) und dem
Robert Koch-Institut (RKI) bezogen. Diese Organisationen sind für ihre
wissenschaftliche Integrität und Zuverlässigkeit bekannt.</li>
</ul>
<h3 id=""bausteine"">Bausteine</h3>
<table class=""Table Grid"">
<thead>
<tr class=""header"">
<th>Baustein</th>
<th>Kurzbeschr.</th>
</tr>
</thead>
<tbody>
<tr class=""odd"">
<td>QB-09 Quellenmanagement</td>
<td>Organisation und Überwachung der Datenherkunft für Qualität und
Integrität.</td>
</tr>
<tr class=""even"">
<td>QB-11 Prozesse</td>
<td>Dokumentation sichert Abläufe und Prozesse in IT-Infrastruktur und
Softwareentwicklung.</td>
</tr>
</tbody>
</table>
<h3 id=""referenzen"">Referenzen</h3>
<table class=""Table Grid"">
<thead>
<tr class=""header"">
<th>RefID</th>
<th>Verweis</th>
<th>Kurzbeschr.</th>
</tr>
</thead>
<tbody>
<tr class=""odd"">
<td>2</td>
<td>ISO 8000-8:2015 - Data quality — Part 8: Information and data
quality: Concepts and measuring</td>
<td>Diese Norm bietet eine Übersicht über die Konzepte und Messmethoden
für Datenqualität. Sie umfasst Genauigkeit als eines der wesentlichen
Merkmale zur Bewertung der Datenqualität.</td>
</tr>
<tr class=""even"">
<td>12</td>
<td>ISO 8000-100:2016 - Data quality — Part 100: Master data: Exchange
of characteristic data: Overview</td>
<td>Die ISO/TS 8000-82:2022 behandelt die Datenqualitätsbewertung durch
Anwendung von Datenregeln auf verschiedene Datentypen, einschließlich
Identifikatoren, Währungen und Datums-/Zeitangaben. Sie betont die
Bedeutung von Datenprofiling bei der Formulierung effektiver
Datenregeln, um die Integrität und Zuverlässigkeit von Daten in
Informationssystemen sicherzustellen.</td>
</tr>
<tr class=""odd"">
<td>24</td>
<td>ISO/IEC 8183:2023 - Information technology — Artificial intelligence
— Data life cycle framework</td>
<td>Das Dokument definiert die Phasen und Maßnahmen der
Datenverarbeitung im Lebenszyklus von KI-Systemen und ist für alle
Organisationen unabhängig von deren Art, Größe oder Natur
anwendbar.</td>
</tr>
<tr class=""even"">
<td>33</td>
<td>ISO/IEC 25012:2008 - Software engineering — Software product Quality
Requirements and Evaluation (SQuaRE) — Data quality model</td>
<td>Softwareentwicklung – Qualitätsanforderungen und Bewertung von
Softwareprodukten (SQuaRE) – Datenqualitätsmodell</td>
</tr>
<tr class=""odd"">
<td>36</td>
<td>ISO/IEC 27001:2022 - Information security management systems</td>
<td>Während dieser Standard primär auf Informationssicherheitsmanagement
abzielt, enthält er auch Bestimmungen zur Sicherstellung der Integrität
und Vertraulichkeit von Daten, die für Trainingsdaten von Bedeutung
sind.</td>
</tr>
<tr class=""even"">
<td>189</td>
<td>Kriterienkatalog für KI-Cloud-Dienste – AIC4</td>
<td>Der AIC4 (Artificial Intelligence Cloud Services Compliance Criteria
Catalogue) ist ein Kriterienkatalog entwickelt vom Bundesamt für
Sicherheit in der Informationstechnik (BSI) mit dem Ziel, die Sicherheit
von KI-basierten Clouddiensten zu verbessern und zu
standardisieren.</td>
</tr>
<tr class=""odd"">
<td>221</td>
<td>Cyber Resilience Act - Proposal for a REGULATION OF THE EUROPEAN
PARLIAMENT AND OF THE COUNCIL on horizontal cybersecurity requirements
for products with digital elements and amending Regulation (EU)
2019/1020</td>
<td>Das Dokument schlägt eine Verordnung vor, um EU-weite
Cybersicherheitsanforderungen für digitale Produkte festzulegen, mit dem
Ziel, die Sicherheit über den gesamten Produktlebenszyklus hinweg zu
verbessern, Schwachstellen anzugehen und Transparenz für die Nutzer zu
gewährleisten. Es strebt an, fragmentierte nationale Vorschriften zu
verhindern und die Sicherheit auf dem Binnenmarkt zu erhöhen.</td>
</tr>
<tr class=""even"">
<td>223</td>
<td>The Assessment List for Trustworthy Artificial Intelligence (ALTAI)
for self assessment</td>
<td>Im Jahr 2019 veröffentlichte die hochrangige KI-Expertengruppe der
Europäischen Kommission <em>Ethikrichtlinien für vertrauenswürdige
KI</em>, einschließlich einer Bewertungsliste zur Bewertung von
KI-Systemen auf der Grundlage von sieben Schlüsselanforderungen:
menschliche Handlungsfähigkeit, technische Robustheit, Datenschutz,
Transparenz, Fairness, gesellschaftliches Wohlergehen. Sein und
Verantwortung.</td>
</tr>
</tbody>
</table>
</body>
</html>
"
10;QKB-10 Daten mit Personenbezug;QKB-10 Daten mit Personenbezug;QKB-10 Daten mit Personenbezug;Prüfung ob Trainingsdaten personenbezogene Daten enthalten;;Qualitätskriterien;1;;QKB-10;"<!DOCTYPE html>

<html lang="""" xml:lang="""" xmlns=""http://www.w3.org/1999/xhtml"">
<head>
<meta charset=""utf-8""/>
<meta content=""pandoc"" name=""generator""/>
<meta content=""width=device-width, initial-scale=1.0, user-scalable=yes"" name=""viewport""/>
<title>-</title>
<style>
    html {
      color: #1a1a1a;
      background-color: #fdfdfd;
    }
    body {
      margin: 0 auto;
      max-width: 36em;
      padding-left: 50px;
      padding-right: 50px;
      padding-top: 50px;
      padding-bottom: 50px;
      hyphens: auto;
      overflow-wrap: break-word;
      text-rendering: optimizeLegibility;
      font-kerning: normal;
    }
    @media (max-width: 600px) {
      body {
        font-size: 0.9em;
        padding: 12px;
      }
      h1 {
        font-size: 1.8em;
      }
    }
    @media print {
      html {
        background-color: white;
      }
      body {
        background-color: transparent;
        color: black;
        font-size: 12pt;
      }
      p, h2, h3 {
        orphans: 3;
        widows: 3;
      }
      h2, h3, h4 {
        page-break-after: avoid;
      }
    }
    p {
      margin: 1em 0;
    }
    a {
      color: #1a1a1a;
    }
    a:visited {
      color: #1a1a1a;
    }
    img {
      max-width: 100%;
    }
    svg {
      height: auto;
      max-width: 100%;
    }
    h1, h2, h3, h4, h5, h6 {
      margin-top: 1.4em;
    }
    h5, h6 {
      font-size: 1em;
      font-style: italic;
    }
    h6 {
      font-weight: normal;
    }
    ol, ul {
      padding-left: 1.7em;
      margin-top: 1em;
    }
    li > ol, li > ul {
      margin-top: 0;
    }
    blockquote {
      margin: 1em 0 1em 1.7em;
      padding-left: 1em;
      border-left: 2px solid #e6e6e6;
      color: #606060;
    }
    code {
      font-family: Menlo, Monaco, Consolas, 'Lucida Console', monospace;
      font-size: 85%;
      margin: 0;
      hyphens: manual;
    }
    pre {
      margin: 1em 0;
      overflow: auto;
    }
    pre code {
      padding: 0;
      overflow: visible;
      overflow-wrap: normal;
    }
    .sourceCode {
     background-color: transparent;
     overflow: visible;
    }
    hr {
      background-color: #1a1a1a;
      border: none;
      height: 1px;
      margin: 1em 0;
    }
    table {
      margin: 1em 0;
      border-collapse: collapse;
      width: 100%;
      overflow-x: auto;
      display: block;
      font-variant-numeric: lining-nums tabular-nums;
    }
    table caption {
      margin-bottom: 0.75em;
    }
    tbody {
      margin-top: 0.5em;
      border-top: 1px solid #1a1a1a;
      border-bottom: 1px solid #1a1a1a;
    }
    th {
      border-top: 1px solid #1a1a1a;
      padding: 0.25em 0.5em 0.25em 0.5em;
    }
    td {
      padding: 0.125em 0.5em 0.25em 0.5em;
    }
    header {
      margin-bottom: 4em;
      text-align: center;
    }
    #TOC li {
      list-style: none;
    }
    #TOC ul {
      padding-left: 1.3em;
    }
    #TOC > ul {
      padding-left: 0;
    }
    #TOC a:not(:hover) {
      text-decoration: none;
    }
    code{white-space: pre-wrap;}
    span.smallcaps{font-variant: small-caps;}
    div.columns{display: flex; gap: min(4vw, 1.5em);}
    div.column{flex: auto; overflow-x: auto;}
    div.hanging-indent{margin-left: 1.5em; text-indent: -1.5em;}
    /* The extra [class] is a hack that increases specificity enough to
       override a similar rule in reveal.js */
    ul.task-list[class]{list-style: none;}
    ul.task-list li input[type=""checkbox""] {
      font-size: inherit;
      width: 0.8em;
      margin: 0 0.8em 0.2em -1.6em;
      vertical-align: middle;
    }
    .display.math{display: block; text-align: center; margin: 0.5rem auto;}
  </style>
</head>
<body>
<h2 id=""qkb-10-daten-mit-personenbezug"">QKB-10 Daten mit
Personenbezug</h2>
<h3 id=""beschreibung"">Beschreibung</h3>
<p>Aus Sicht diverser grundlegender gesetzlicher Regelungen müssen
Datensätze auf den Gehalt von personenbezogenen Informationen geprüft
werden. Eine umfassende Überprüfung der Datensätze nach
personenbezogenen Datensätzen ist hierfür ebenso wichtig wie die
kontrollierte und nachweisbare Entfernung der Datensätze, die in den
Datensätzen vorhanden sind.</p>
<h3 id=""beispiele"">Beispiele</h3>
<h4 id=""beispiel-1-datenschutz"">Beispiel 1: Datenschutz</h4>
<p>Personenbezogene Daten unterliegen Datenschutzgesetzen wie der DSGVO
in der Europäischen Union. Die Verarbeitung erfordert diverse Maßnahmen
um die grundlegenden Anforderungen dieser Richtlinie umzusetzen.</p>
<h3 id=""bausteine"">Bausteine</h3>
<table class=""Table Grid"">
<thead>
<tr class=""header"">
<th>Baustein</th>
<th>Kurzbeschr.</th>
</tr>
</thead>
<tbody>
<tr class=""odd"">
<td>QB-09 Quellenmanagement</td>
<td>Organisation und Überwachung der Datenherkunft für Qualität und
Integrität.</td>
</tr>
<tr class=""even"">
<td>QB-10_DataChecks</td>
<td>Überprüfung von Trainingsdaten sichert Qualität vor dem
Modelltraining.</td>
</tr>
<tr class=""odd"">
<td>QB-11 Prozesse</td>
<td>Dokumentation sichert Abläufe und Prozesse in IT-Infrastruktur und
Softwareentwicklung.</td>
</tr>
<tr class=""even"">
<td>QB-14_Expertanalysis</td>
<td>Die Expertenanalyse ist ein Allzweckwerkzeug um die Qualität eines
Trainingsdatensatzes hinsichtlich bestimmter Kriterien zu prüfen.
Idealerweise werden dafür mehrere Expert*innen unabhängig voneinander um
eine Einschätzung gebeten.</td>
</tr>
</tbody>
</table>
<h3 id=""referenzen"">Referenzen</h3>
<table class=""Table Grid"">
<thead>
<tr class=""header"">
<th>RefID</th>
<th>Verweis</th>
<th>Kurzbeschr.</th>
</tr>
</thead>
<tbody>
<tr class=""odd"">
<td>296</td>
<td>Bias in der künstlichen Intelligenz</td>
<td>Das Dokument Bias in der künstlichen Intelligenz befasst sich mit
den Grundlagen und zeigt Detektion und Mitigationsmechanismen auf um
Bias in den eigenen Datensätzen auf die Spur zu kommen.</td>
</tr>
<tr class=""even"">
<td>223</td>
<td>The Assessment List for Trustworthy Artificial Intelligence (ALTAI)
for self assessment</td>
<td>Im Jahr 2019 veröffentlichte die hochrangige KI-Expertengruppe der
Europäischen Kommission <em>Ethikrichtlinien für vertrauenswürdige
KI</em>, einschließlich einer Bewertungsliste zur Bewertung von
KI-Systemen auf der Grundlage von sieben Schlüsselanforderungen:
menschliche Handlungsfähigkeit, technische Robustheit, Datenschutz,
Transparenz, Fairness, gesellschaftliches Wohlergehen. Sein und
Verantwortung.</td>
</tr>
<tr class=""odd"">
<td>206</td>
<td>Open Data Act</td>
<td>RICHTLINIE (EU) 2019/ 1024 DES EUROPÄISCHEN PARLAMENTS UND DES RATES
- vom 20. Juni 2019 - über offene Daten und die Weiterverwendung von
Informationen des öffentlichen Sektors</td>
</tr>
<tr class=""even"">
<td>187</td>
<td>Extracting Training Data from Large Language Models</td>
<td>Das Papier zeigt, dass große Sprachmodelle wie GPT-2 anfällig für
Datenextraktionsangriffe sind, bei denen sensible Informationen aus den
Trainingsdaten wiederhergestellt werden können. Größere Modelle sind
dabei besonders gefährdet. Die Autoren schlagen Schutzmaßnahmen vor, um
dieses Risiko zu verringern.</td>
</tr>
<tr class=""odd"">
<td>128</td>
<td>DSGVO - Verordnung (EU) 2016/679 des Europäischen Parlaments und des
Rates vom 27. April 2016 zum Schutz natürlicher Personen bei der
Verarbeitung personenbezogener Daten, zum freien Datenverkehr und zur
Aufhebung der Richtlinie 95/46/EG (Datenschutz-Grundverordnung) (Text
von Bedeutung für den EWR)</td>
<td>Die DSGVO (Datenschutz-Grundverordnung) ist eine EU-Verordnung, die
den Schutz personenbezogener Daten regelt. Sie stärkt die Rechte von
Einzelpersonen und legt strenge Anforderungen an Unternehmen und
Organisationen zur Verarbeitung und Sicherheit von Daten fest. Sie gilt
seit Mai 2018 in allen EU-Staaten.</td>
</tr>
<tr class=""even"">
<td>127</td>
<td>BDSG</td>
<td>Das Bundesdatenschutzgesetz (BDSG) schützt personenbezogene Daten in
Deutschland und ergänzt die EU-Datenschutz-Grundverordnung (DSGVO). Es
regelt, wie Daten von öffentlichen und privaten Stellen verarbeitet
werden dürfen, definiert Rechte der Betroffenen wie Auskunft und
Löschung und legt Pflichten für Datenverantwortliche fest, z. B. zur
Datensicherheit.</td>
</tr>
<tr class=""odd"">
<td>36</td>
<td>ISO/IEC 27001:2022 - Information security management systems</td>
<td>Während dieser Standard primär auf Informationssicherheitsmanagement
abzielt, enthält er auch Bestimmungen zur Sicherstellung der Integrität
und Vertraulichkeit von Daten, die für Trainingsdaten von Bedeutung
sind.</td>
</tr>
</tbody>
</table>
</body>
</html>
"
